CREATE DATABASE  IF NOT EXISTS `practico` /*!40100 DEFAULT CHARACTER SET latin1 */;
USE `practico`;
-- MySQL dump 10.13  Distrib 5.5.34, for debian-linux-gnu (x86_64)
--
-- Host: 127.0.0.1    Database: practico
-- ------------------------------------------------------
-- Server version	5.5.34-0ubuntu0.13.04.1-log

/*!40101 SET @OLD_CHARACTER_SET_CLIENT=@@CHARACTER_SET_CLIENT */;
/*!40101 SET @OLD_CHARACTER_SET_RESULTS=@@CHARACTER_SET_RESULTS */;
/*!40101 SET @OLD_COLLATION_CONNECTION=@@COLLATION_CONNECTION */;
/*!40101 SET NAMES utf8 */;
/*!40103 SET @OLD_TIME_ZONE=@@TIME_ZONE */;
/*!40103 SET TIME_ZONE='+00:00' */;
/*!40014 SET @OLD_UNIQUE_CHECKS=@@UNIQUE_CHECKS, UNIQUE_CHECKS=0 */;
/*!40014 SET @OLD_FOREIGN_KEY_CHECKS=@@FOREIGN_KEY_CHECKS, FOREIGN_KEY_CHECKS=0 */;
/*!40101 SET @OLD_SQL_MODE=@@SQL_MODE, SQL_MODE='NO_AUTO_VALUE_ON_ZERO' */;
/*!40111 SET @OLD_SQL_NOTES=@@SQL_NOTES, SQL_NOTES=0 */;

--
-- Table structure for table `proveedores`
--

DROP TABLE IF EXISTS `proveedores`;
/*!40101 SET @saved_cs_client     = @@character_set_client */;
/*!40101 SET character_set_client = utf8 */;
CREATE TABLE `proveedores` (
  `idProveedor` int(10) unsigned NOT NULL,
  `Proveedor` varchar(45) NOT NULL,
  PRIMARY KEY (`idProveedor`)
) ENGINE=InnoDB DEFAULT CHARSET=latin1;
/*!40101 SET character_set_client = @saved_cs_client */;

--
-- Dumping data for table `proveedores`
--

LOCK TABLES `proveedores` WRITE;
/*!40000 ALTER TABLE `proveedores` DISABLE KEYS */;
INSERT INTO `proveedores` (`idProveedor`, `Proveedor`) VALUES (1,'Proveedor 1');
INSERT INTO `proveedores` (`idProveedor`, `Proveedor`) VALUES (2,'Proveedor 2');
INSERT INTO `proveedores` (`idProveedor`, `Proveedor`) VALUES (3,'Proveedor 3');
INSERT INTO `proveedores` (`idProveedor`, `Proveedor`) VALUES (4,'Proveedor 4');
INSERT INTO `proveedores` (`idProveedor`, `Proveedor`) VALUES (5,'Proveedor 5');
INSERT INTO `proveedores` (`idProveedor`, `Proveedor`) VALUES (6,'Proveedor 6');
INSERT INTO `proveedores` (`idProveedor`, `Proveedor`) VALUES (7,'Proveedor 7');
INSERT INTO `proveedores` (`idProveedor`, `Proveedor`) VALUES (8,'Proveedor 8');
INSERT INTO `proveedores` (`idProveedor`, `Proveedor`) VALUES (9,'Proveedor 9');
INSERT INTO `proveedores` (`idProveedor`, `Proveedor`) VALUES (10,'Proveedor 10');
INSERT INTO `proveedores` (`idProveedor`, `Proveedor`) VALUES (11,'Proveedor 11');
INSERT INTO `proveedores` (`idProveedor`, `Proveedor`) VALUES (12,'Proveedor 12');
INSERT INTO `proveedores` (`idProveedor`, `Proveedor`) VALUES (13,'Proveedor 13');
INSERT INTO `proveedores` (`idProveedor`, `Proveedor`) VALUES (14,'Proveedor 14');
INSERT INTO `proveedores` (`idProveedor`, `Proveedor`) VALUES (15,'Proveedor 15');
INSERT INTO `proveedores` (`idProveedor`, `Proveedor`) VALUES (16,'Proveedor 16');
INSERT INTO `proveedores` (`idProveedor`, `Proveedor`) VALUES (17,'Proveedor 17');
INSERT INTO `proveedores` (`idProveedor`, `Proveedor`) VALUES (18,'Proveedor 18');
INSERT INTO `proveedores` (`idProveedor`, `Proveedor`) VALUES (19,'Proveedor 19');
INSERT INTO `proveedores` (`idProveedor`, `Proveedor`) VALUES (20,'Proveedor 20');
INSERT INTO `proveedores` (`idProveedor`, `Proveedor`) VALUES (21,'Proveedor 21');
INSERT INTO `proveedores` (`idProveedor`, `Proveedor`) VALUES (22,'Proveedor 22');
INSERT INTO `proveedores` (`idProveedor`, `Proveedor`) VALUES (23,'Proveedor 23');
INSERT INTO `proveedores` (`idProveedor`, `Proveedor`) VALUES (24,'Proveedor 24');
INSERT INTO `proveedores` (`idProveedor`, `Proveedor`) VALUES (25,'Proveedor 25');
INSERT INTO `proveedores` (`idProveedor`, `Proveedor`) VALUES (26,'Proveedor 26');
INSERT INTO `proveedores` (`idProveedor`, `Proveedor`) VALUES (27,'Proveedor 27');
INSERT INTO `proveedores` (`idProveedor`, `Proveedor`) VALUES (28,'Proveedor 28');
INSERT INTO `proveedores` (`idProveedor`, `Proveedor`) VALUES (29,'Proveedor 29');
INSERT INTO `proveedores` (`idProveedor`, `Proveedor`) VALUES (30,'Proveedor 30');
INSERT INTO `proveedores` (`idProveedor`, `Proveedor`) VALUES (31,'Proveedor 31');
INSERT INTO `proveedores` (`idProveedor`, `Proveedor`) VALUES (32,'Proveedor 32');
INSERT INTO `proveedores` (`idProveedor`, `Proveedor`) VALUES (33,'Proveedor 33');
INSERT INTO `proveedores` (`idProveedor`, `Proveedor`) VALUES (34,'Proveedor 34');
INSERT INTO `proveedores` (`idProveedor`, `Proveedor`) VALUES (35,'Proveedor 35');
INSERT INTO `proveedores` (`idProveedor`, `Proveedor`) VALUES (36,'Proveedor 36');
INSERT INTO `proveedores` (`idProveedor`, `Proveedor`) VALUES (37,'Proveedor 37');
INSERT INTO `proveedores` (`idProveedor`, `Proveedor`) VALUES (38,'Proveedor 38');
INSERT INTO `proveedores` (`idProveedor`, `Proveedor`) VALUES (39,'Proveedor 39');
INSERT INTO `proveedores` (`idProveedor`, `Proveedor`) VALUES (40,'Proveedor 40');
INSERT INTO `proveedores` (`idProveedor`, `Proveedor`) VALUES (41,'Proveedor 41');
INSERT INTO `proveedores` (`idProveedor`, `Proveedor`) VALUES (42,'Proveedor 42');
INSERT INTO `proveedores` (`idProveedor`, `Proveedor`) VALUES (43,'Proveedor 43');
INSERT INTO `proveedores` (`idProveedor`, `Proveedor`) VALUES (44,'Proveedor 44');
INSERT INTO `proveedores` (`idProveedor`, `Proveedor`) VALUES (45,'Proveedor 45');
INSERT INTO `proveedores` (`idProveedor`, `Proveedor`) VALUES (46,'Proveedor 46');
INSERT INTO `proveedores` (`idProveedor`, `Proveedor`) VALUES (47,'Proveedor 47');
INSERT INTO `proveedores` (`idProveedor`, `Proveedor`) VALUES (48,'Proveedor 48');
INSERT INTO `proveedores` (`idProveedor`, `Proveedor`) VALUES (49,'Proveedor 49');
INSERT INTO `proveedores` (`idProveedor`, `Proveedor`) VALUES (50,'Proveedor 50');
/*!40000 ALTER TABLE `proveedores` ENABLE KEYS */;
UNLOCK TABLES;

--
-- Table structure for table `vendedores`
--

DROP TABLE IF EXISTS `vendedores`;
/*!40101 SET @saved_cs_client     = @@character_set_client */;
/*!40101 SET character_set_client = utf8 */;
CREATE TABLE `vendedores` (
  `idVendedor` int(10) unsigned NOT NULL,
  `Vendedor` varchar(45) NOT NULL,
  `Comision` float NOT NULL,
  PRIMARY KEY (`idVendedor`)
) ENGINE=InnoDB DEFAULT CHARSET=latin1;
/*!40101 SET character_set_client = @saved_cs_client */;

--
-- Dumping data for table `vendedores`
--

LOCK TABLES `vendedores` WRITE;
/*!40000 ALTER TABLE `vendedores` DISABLE KEYS */;
INSERT INTO `vendedores` (`idVendedor`, `Vendedor`, `Comision`) VALUES (1,'Vendedor 1',8.30549);
INSERT INTO `vendedores` (`idVendedor`, `Vendedor`, `Comision`) VALUES (2,'Vendedor 2',13.7593);
INSERT INTO `vendedores` (`idVendedor`, `Vendedor`, `Comision`) VALUES (3,'Vendedor 3',1.68609);
INSERT INTO `vendedores` (`idVendedor`, `Vendedor`, `Comision`) VALUES (4,'Vendedor 4',1.11615);
INSERT INTO `vendedores` (`idVendedor`, `Vendedor`, `Comision`) VALUES (5,'Vendedor 5',10.0464);
INSERT INTO `vendedores` (`idVendedor`, `Vendedor`, `Comision`) VALUES (6,'Vendedor 6',2.38191);
INSERT INTO `vendedores` (`idVendedor`, `Vendedor`, `Comision`) VALUES (7,'Vendedor 7',14.2595);
INSERT INTO `vendedores` (`idVendedor`, `Vendedor`, `Comision`) VALUES (8,'Vendedor 8',0.336719);
INSERT INTO `vendedores` (`idVendedor`, `Vendedor`, `Comision`) VALUES (9,'Vendedor 9',13.3296);
INSERT INTO `vendedores` (`idVendedor`, `Vendedor`, `Comision`) VALUES (10,'Vendedor 10',9.14426);
INSERT INTO `vendedores` (`idVendedor`, `Vendedor`, `Comision`) VALUES (11,'Vendedor 11',1.39194);
INSERT INTO `vendedores` (`idVendedor`, `Vendedor`, `Comision`) VALUES (12,'Vendedor 12',9.26047);
INSERT INTO `vendedores` (`idVendedor`, `Vendedor`, `Comision`) VALUES (13,'Vendedor 13',8.20052);
INSERT INTO `vendedores` (`idVendedor`, `Vendedor`, `Comision`) VALUES (14,'Vendedor 14',11.0814);
INSERT INTO `vendedores` (`idVendedor`, `Vendedor`, `Comision`) VALUES (15,'Vendedor 15',8.6397);
INSERT INTO `vendedores` (`idVendedor`, `Vendedor`, `Comision`) VALUES (16,'Vendedor 16',0.568975);
INSERT INTO `vendedores` (`idVendedor`, `Vendedor`, `Comision`) VALUES (17,'Vendedor 17',4.03156);
INSERT INTO `vendedores` (`idVendedor`, `Vendedor`, `Comision`) VALUES (18,'Vendedor 18',9.53236);
INSERT INTO `vendedores` (`idVendedor`, `Vendedor`, `Comision`) VALUES (19,'Vendedor 19',10.7717);
INSERT INTO `vendedores` (`idVendedor`, `Vendedor`, `Comision`) VALUES (20,'Vendedor 20',0.976354);
INSERT INTO `vendedores` (`idVendedor`, `Vendedor`, `Comision`) VALUES (21,'Vendedor 21',12.5809);
INSERT INTO `vendedores` (`idVendedor`, `Vendedor`, `Comision`) VALUES (22,'Vendedor 22',3.38675);
INSERT INTO `vendedores` (`idVendedor`, `Vendedor`, `Comision`) VALUES (23,'Vendedor 23',9.74736);
INSERT INTO `vendedores` (`idVendedor`, `Vendedor`, `Comision`) VALUES (24,'Vendedor 24',9.68394);
INSERT INTO `vendedores` (`idVendedor`, `Vendedor`, `Comision`) VALUES (25,'Vendedor 25',0.0962716);
INSERT INTO `vendedores` (`idVendedor`, `Vendedor`, `Comision`) VALUES (26,'Vendedor 26',13.4896);
INSERT INTO `vendedores` (`idVendedor`, `Vendedor`, `Comision`) VALUES (27,'Vendedor 27',13.3677);
INSERT INTO `vendedores` (`idVendedor`, `Vendedor`, `Comision`) VALUES (28,'Vendedor 28',1.71011);
INSERT INTO `vendedores` (`idVendedor`, `Vendedor`, `Comision`) VALUES (29,'Vendedor 29',11.6161);
INSERT INTO `vendedores` (`idVendedor`, `Vendedor`, `Comision`) VALUES (30,'Vendedor 30',14.1183);
INSERT INTO `vendedores` (`idVendedor`, `Vendedor`, `Comision`) VALUES (31,'Vendedor 31',12.4472);
INSERT INTO `vendedores` (`idVendedor`, `Vendedor`, `Comision`) VALUES (32,'Vendedor 32',8.71658);
INSERT INTO `vendedores` (`idVendedor`, `Vendedor`, `Comision`) VALUES (33,'Vendedor 33',3.25347);
INSERT INTO `vendedores` (`idVendedor`, `Vendedor`, `Comision`) VALUES (34,'Vendedor 34',1.2905);
INSERT INTO `vendedores` (`idVendedor`, `Vendedor`, `Comision`) VALUES (35,'Vendedor 35',5.34487);
INSERT INTO `vendedores` (`idVendedor`, `Vendedor`, `Comision`) VALUES (36,'Vendedor 36',6.52949);
INSERT INTO `vendedores` (`idVendedor`, `Vendedor`, `Comision`) VALUES (37,'Vendedor 37',6.34602);
INSERT INTO `vendedores` (`idVendedor`, `Vendedor`, `Comision`) VALUES (38,'Vendedor 38',10.7202);
INSERT INTO `vendedores` (`idVendedor`, `Vendedor`, `Comision`) VALUES (39,'Vendedor 39',12.652);
INSERT INTO `vendedores` (`idVendedor`, `Vendedor`, `Comision`) VALUES (40,'Vendedor 40',1.84982);
INSERT INTO `vendedores` (`idVendedor`, `Vendedor`, `Comision`) VALUES (41,'Vendedor 41',10.9269);
INSERT INTO `vendedores` (`idVendedor`, `Vendedor`, `Comision`) VALUES (42,'Vendedor 42',10.5232);
INSERT INTO `vendedores` (`idVendedor`, `Vendedor`, `Comision`) VALUES (43,'Vendedor 43',1.76505);
INSERT INTO `vendedores` (`idVendedor`, `Vendedor`, `Comision`) VALUES (44,'Vendedor 44',5.66201);
INSERT INTO `vendedores` (`idVendedor`, `Vendedor`, `Comision`) VALUES (45,'Vendedor 45',0.0084859);
INSERT INTO `vendedores` (`idVendedor`, `Vendedor`, `Comision`) VALUES (46,'Vendedor 46',10.2691);
INSERT INTO `vendedores` (`idVendedor`, `Vendedor`, `Comision`) VALUES (47,'Vendedor 47',0.966506);
INSERT INTO `vendedores` (`idVendedor`, `Vendedor`, `Comision`) VALUES (48,'Vendedor 48',12.5832);
INSERT INTO `vendedores` (`idVendedor`, `Vendedor`, `Comision`) VALUES (49,'Vendedor 49',5.6781);
INSERT INTO `vendedores` (`idVendedor`, `Vendedor`, `Comision`) VALUES (50,'Vendedor 50',8.69636);
/*!40000 ALTER TABLE `vendedores` ENABLE KEYS */;
UNLOCK TABLES;

--
-- Table structure for table `facturacabecera`
--

DROP TABLE IF EXISTS `facturacabecera`;
/*!40101 SET @saved_cs_client     = @@character_set_client */;
/*!40101 SET character_set_client = utf8 */;
CREATE TABLE `facturacabecera` (
  `idFactura` int(10) unsigned NOT NULL,
  `sucursal` int(10) unsigned NOT NULL,
  `numero` int(10) unsigned NOT NULL,
  `fecha` datetime NOT NULL,
  `anulada` int(10) unsigned NOT NULL COMMENT '1=Anulada',
  `idCliente` int(10) unsigned NOT NULL,
  `idVendedor` int(10) unsigned NOT NULL,
  PRIMARY KEY (`idFactura`),
  KEY `FK_facturacabecera_cliente` (`idCliente`),
  KEY `FK_facturacabecera_vendedor` (`idVendedor`),
  CONSTRAINT `FK_facturacabecera_cliente` FOREIGN KEY (`idCliente`) REFERENCES `clientes` (`idCliente`),
  CONSTRAINT `FK_facturacabecera_vendedor` FOREIGN KEY (`idVendedor`) REFERENCES `vendedores` (`idVendedor`)
) ENGINE=InnoDB DEFAULT CHARSET=latin1;
/*!40101 SET character_set_client = @saved_cs_client */;

--
-- Dumping data for table `facturacabecera`
--

LOCK TABLES `facturacabecera` WRITE;
/*!40000 ALTER TABLE `facturacabecera` DISABLE KEYS */;
INSERT INTO `facturacabecera` (`idFactura`, `sucursal`, `numero`, `fecha`, `anulada`, `idCliente`, `idVendedor`) VALUES (1,0,1,'2010-02-08 00:00:00',0,90,10);
INSERT INTO `facturacabecera` (`idFactura`, `sucursal`, `numero`, `fecha`, `anulada`, `idCliente`, `idVendedor`) VALUES (2,0,2,'2010-03-24 00:00:00',0,35,2);
INSERT INTO `facturacabecera` (`idFactura`, `sucursal`, `numero`, `fecha`, `anulada`, `idCliente`, `idVendedor`) VALUES (3,0,3,'2009-08-03 00:00:00',0,83,18);
INSERT INTO `facturacabecera` (`idFactura`, `sucursal`, `numero`, `fecha`, `anulada`, `idCliente`, `idVendedor`) VALUES (4,0,4,'2010-04-22 00:00:00',0,34,49);
INSERT INTO `facturacabecera` (`idFactura`, `sucursal`, `numero`, `fecha`, `anulada`, `idCliente`, `idVendedor`) VALUES (5,0,5,'2009-05-14 00:00:00',0,18,11);
INSERT INTO `facturacabecera` (`idFactura`, `sucursal`, `numero`, `fecha`, `anulada`, `idCliente`, `idVendedor`) VALUES (6,0,6,'2009-06-19 00:00:00',0,25,37);
INSERT INTO `facturacabecera` (`idFactura`, `sucursal`, `numero`, `fecha`, `anulada`, `idCliente`, `idVendedor`) VALUES (7,0,7,'2009-09-28 00:00:00',0,30,44);
INSERT INTO `facturacabecera` (`idFactura`, `sucursal`, `numero`, `fecha`, `anulada`, `idCliente`, `idVendedor`) VALUES (8,0,8,'2010-07-15 00:00:00',1,94,3);
INSERT INTO `facturacabecera` (`idFactura`, `sucursal`, `numero`, `fecha`, `anulada`, `idCliente`, `idVendedor`) VALUES (9,0,9,'2009-03-06 00:00:00',0,42,31);
INSERT INTO `facturacabecera` (`idFactura`, `sucursal`, `numero`, `fecha`, `anulada`, `idCliente`, `idVendedor`) VALUES (10,0,10,'2010-08-14 00:00:00',0,77,13);
INSERT INTO `facturacabecera` (`idFactura`, `sucursal`, `numero`, `fecha`, `anulada`, `idCliente`, `idVendedor`) VALUES (11,0,11,'2010-03-08 00:00:00',0,92,43);
INSERT INTO `facturacabecera` (`idFactura`, `sucursal`, `numero`, `fecha`, `anulada`, `idCliente`, `idVendedor`) VALUES (12,0,12,'2010-01-14 00:00:00',0,79,34);
INSERT INTO `facturacabecera` (`idFactura`, `sucursal`, `numero`, `fecha`, `anulada`, `idCliente`, `idVendedor`) VALUES (13,0,13,'2008-12-26 00:00:00',0,39,12);
INSERT INTO `facturacabecera` (`idFactura`, `sucursal`, `numero`, `fecha`, `anulada`, `idCliente`, `idVendedor`) VALUES (14,0,14,'2009-10-30 00:00:00',1,59,49);
INSERT INTO `facturacabecera` (`idFactura`, `sucursal`, `numero`, `fecha`, `anulada`, `idCliente`, `idVendedor`) VALUES (15,0,15,'2009-03-18 00:00:00',1,79,30);
INSERT INTO `facturacabecera` (`idFactura`, `sucursal`, `numero`, `fecha`, `anulada`, `idCliente`, `idVendedor`) VALUES (16,0,16,'2010-01-21 00:00:00',0,52,36);
INSERT INTO `facturacabecera` (`idFactura`, `sucursal`, `numero`, `fecha`, `anulada`, `idCliente`, `idVendedor`) VALUES (17,0,17,'2009-11-24 00:00:00',0,1,25);
INSERT INTO `facturacabecera` (`idFactura`, `sucursal`, `numero`, `fecha`, `anulada`, `idCliente`, `idVendedor`) VALUES (18,0,18,'2009-04-01 00:00:00',0,25,27);
INSERT INTO `facturacabecera` (`idFactura`, `sucursal`, `numero`, `fecha`, `anulada`, `idCliente`, `idVendedor`) VALUES (19,0,19,'2009-12-16 00:00:00',0,22,28);
INSERT INTO `facturacabecera` (`idFactura`, `sucursal`, `numero`, `fecha`, `anulada`, `idCliente`, `idVendedor`) VALUES (20,0,20,'2009-02-05 00:00:00',0,47,49);
INSERT INTO `facturacabecera` (`idFactura`, `sucursal`, `numero`, `fecha`, `anulada`, `idCliente`, `idVendedor`) VALUES (21,0,21,'2010-04-25 00:00:00',1,25,14);
INSERT INTO `facturacabecera` (`idFactura`, `sucursal`, `numero`, `fecha`, `anulada`, `idCliente`, `idVendedor`) VALUES (22,0,22,'2009-09-09 00:00:00',0,13,38);
INSERT INTO `facturacabecera` (`idFactura`, `sucursal`, `numero`, `fecha`, `anulada`, `idCliente`, `idVendedor`) VALUES (23,0,23,'2009-12-19 00:00:00',0,61,23);
INSERT INTO `facturacabecera` (`idFactura`, `sucursal`, `numero`, `fecha`, `anulada`, `idCliente`, `idVendedor`) VALUES (24,0,24,'2009-03-23 00:00:00',0,84,18);
INSERT INTO `facturacabecera` (`idFactura`, `sucursal`, `numero`, `fecha`, `anulada`, `idCliente`, `idVendedor`) VALUES (25,0,25,'2009-05-28 00:00:00',1,12,8);
INSERT INTO `facturacabecera` (`idFactura`, `sucursal`, `numero`, `fecha`, `anulada`, `idCliente`, `idVendedor`) VALUES (26,0,26,'2008-10-30 00:00:00',0,75,45);
INSERT INTO `facturacabecera` (`idFactura`, `sucursal`, `numero`, `fecha`, `anulada`, `idCliente`, `idVendedor`) VALUES (27,0,27,'2009-01-02 00:00:00',0,39,11);
INSERT INTO `facturacabecera` (`idFactura`, `sucursal`, `numero`, `fecha`, `anulada`, `idCliente`, `idVendedor`) VALUES (28,0,28,'2009-01-07 00:00:00',0,9,43);
INSERT INTO `facturacabecera` (`idFactura`, `sucursal`, `numero`, `fecha`, `anulada`, `idCliente`, `idVendedor`) VALUES (29,0,29,'2010-01-09 00:00:00',0,49,6);
INSERT INTO `facturacabecera` (`idFactura`, `sucursal`, `numero`, `fecha`, `anulada`, `idCliente`, `idVendedor`) VALUES (30,0,30,'2010-09-11 00:00:00',0,1,24);
INSERT INTO `facturacabecera` (`idFactura`, `sucursal`, `numero`, `fecha`, `anulada`, `idCliente`, `idVendedor`) VALUES (31,0,31,'2010-06-02 00:00:00',0,40,42);
INSERT INTO `facturacabecera` (`idFactura`, `sucursal`, `numero`, `fecha`, `anulada`, `idCliente`, `idVendedor`) VALUES (32,0,32,'2009-04-02 00:00:00',0,82,6);
INSERT INTO `facturacabecera` (`idFactura`, `sucursal`, `numero`, `fecha`, `anulada`, `idCliente`, `idVendedor`) VALUES (33,0,33,'2010-05-23 00:00:00',0,34,40);
INSERT INTO `facturacabecera` (`idFactura`, `sucursal`, `numero`, `fecha`, `anulada`, `idCliente`, `idVendedor`) VALUES (34,0,34,'2009-09-04 00:00:00',0,23,11);
INSERT INTO `facturacabecera` (`idFactura`, `sucursal`, `numero`, `fecha`, `anulada`, `idCliente`, `idVendedor`) VALUES (35,0,35,'2010-04-03 00:00:00',0,4,4);
INSERT INTO `facturacabecera` (`idFactura`, `sucursal`, `numero`, `fecha`, `anulada`, `idCliente`, `idVendedor`) VALUES (36,0,36,'2010-03-27 00:00:00',0,14,2);
INSERT INTO `facturacabecera` (`idFactura`, `sucursal`, `numero`, `fecha`, `anulada`, `idCliente`, `idVendedor`) VALUES (37,0,37,'2009-03-30 00:00:00',0,25,14);
INSERT INTO `facturacabecera` (`idFactura`, `sucursal`, `numero`, `fecha`, `anulada`, `idCliente`, `idVendedor`) VALUES (38,0,38,'2010-09-09 00:00:00',0,32,36);
INSERT INTO `facturacabecera` (`idFactura`, `sucursal`, `numero`, `fecha`, `anulada`, `idCliente`, `idVendedor`) VALUES (39,0,39,'2009-01-07 00:00:00',0,46,20);
INSERT INTO `facturacabecera` (`idFactura`, `sucursal`, `numero`, `fecha`, `anulada`, `idCliente`, `idVendedor`) VALUES (40,0,40,'2010-04-21 00:00:00',0,4,28);
INSERT INTO `facturacabecera` (`idFactura`, `sucursal`, `numero`, `fecha`, `anulada`, `idCliente`, `idVendedor`) VALUES (41,0,41,'2009-05-05 00:00:00',0,70,43);
INSERT INTO `facturacabecera` (`idFactura`, `sucursal`, `numero`, `fecha`, `anulada`, `idCliente`, `idVendedor`) VALUES (42,0,42,'2010-02-13 00:00:00',0,25,25);
INSERT INTO `facturacabecera` (`idFactura`, `sucursal`, `numero`, `fecha`, `anulada`, `idCliente`, `idVendedor`) VALUES (43,0,43,'2009-08-10 00:00:00',0,29,5);
INSERT INTO `facturacabecera` (`idFactura`, `sucursal`, `numero`, `fecha`, `anulada`, `idCliente`, `idVendedor`) VALUES (44,0,44,'2010-03-09 00:00:00',0,11,4);
INSERT INTO `facturacabecera` (`idFactura`, `sucursal`, `numero`, `fecha`, `anulada`, `idCliente`, `idVendedor`) VALUES (45,0,45,'2010-02-08 00:00:00',0,87,11);
INSERT INTO `facturacabecera` (`idFactura`, `sucursal`, `numero`, `fecha`, `anulada`, `idCliente`, `idVendedor`) VALUES (46,0,46,'2010-05-09 00:00:00',0,79,50);
INSERT INTO `facturacabecera` (`idFactura`, `sucursal`, `numero`, `fecha`, `anulada`, `idCliente`, `idVendedor`) VALUES (47,0,47,'2008-10-23 00:00:00',0,74,15);
INSERT INTO `facturacabecera` (`idFactura`, `sucursal`, `numero`, `fecha`, `anulada`, `idCliente`, `idVendedor`) VALUES (48,0,48,'2010-05-13 00:00:00',0,53,45);
INSERT INTO `facturacabecera` (`idFactura`, `sucursal`, `numero`, `fecha`, `anulada`, `idCliente`, `idVendedor`) VALUES (49,0,49,'2009-07-19 00:00:00',0,24,5);
INSERT INTO `facturacabecera` (`idFactura`, `sucursal`, `numero`, `fecha`, `anulada`, `idCliente`, `idVendedor`) VALUES (50,0,50,'2010-02-02 00:00:00',0,9,38);
INSERT INTO `facturacabecera` (`idFactura`, `sucursal`, `numero`, `fecha`, `anulada`, `idCliente`, `idVendedor`) VALUES (51,0,51,'2009-02-21 00:00:00',0,6,23);
INSERT INTO `facturacabecera` (`idFactura`, `sucursal`, `numero`, `fecha`, `anulada`, `idCliente`, `idVendedor`) VALUES (52,0,52,'2010-08-31 00:00:00',0,100,26);
INSERT INTO `facturacabecera` (`idFactura`, `sucursal`, `numero`, `fecha`, `anulada`, `idCliente`, `idVendedor`) VALUES (53,0,53,'2010-09-09 00:00:00',0,91,7);
INSERT INTO `facturacabecera` (`idFactura`, `sucursal`, `numero`, `fecha`, `anulada`, `idCliente`, `idVendedor`) VALUES (54,0,54,'2009-07-31 00:00:00',0,13,41);
INSERT INTO `facturacabecera` (`idFactura`, `sucursal`, `numero`, `fecha`, `anulada`, `idCliente`, `idVendedor`) VALUES (55,0,55,'2010-02-28 00:00:00',0,35,18);
INSERT INTO `facturacabecera` (`idFactura`, `sucursal`, `numero`, `fecha`, `anulada`, `idCliente`, `idVendedor`) VALUES (56,0,56,'2009-02-23 00:00:00',0,81,5);
INSERT INTO `facturacabecera` (`idFactura`, `sucursal`, `numero`, `fecha`, `anulada`, `idCliente`, `idVendedor`) VALUES (57,0,57,'2010-06-30 00:00:00',1,91,21);
INSERT INTO `facturacabecera` (`idFactura`, `sucursal`, `numero`, `fecha`, `anulada`, `idCliente`, `idVendedor`) VALUES (58,0,58,'2010-05-20 00:00:00',1,67,30);
INSERT INTO `facturacabecera` (`idFactura`, `sucursal`, `numero`, `fecha`, `anulada`, `idCliente`, `idVendedor`) VALUES (59,0,59,'2010-01-25 00:00:00',0,6,10);
INSERT INTO `facturacabecera` (`idFactura`, `sucursal`, `numero`, `fecha`, `anulada`, `idCliente`, `idVendedor`) VALUES (60,0,60,'2010-02-23 00:00:00',0,17,20);
INSERT INTO `facturacabecera` (`idFactura`, `sucursal`, `numero`, `fecha`, `anulada`, `idCliente`, `idVendedor`) VALUES (61,0,61,'2009-06-07 00:00:00',0,84,35);
INSERT INTO `facturacabecera` (`idFactura`, `sucursal`, `numero`, `fecha`, `anulada`, `idCliente`, `idVendedor`) VALUES (62,0,62,'2008-12-31 00:00:00',0,62,14);
INSERT INTO `facturacabecera` (`idFactura`, `sucursal`, `numero`, `fecha`, `anulada`, `idCliente`, `idVendedor`) VALUES (63,0,63,'2010-05-06 00:00:00',0,30,39);
INSERT INTO `facturacabecera` (`idFactura`, `sucursal`, `numero`, `fecha`, `anulada`, `idCliente`, `idVendedor`) VALUES (64,0,64,'2008-12-31 00:00:00',0,39,30);
INSERT INTO `facturacabecera` (`idFactura`, `sucursal`, `numero`, `fecha`, `anulada`, `idCliente`, `idVendedor`) VALUES (65,0,65,'2010-06-11 00:00:00',0,13,21);
INSERT INTO `facturacabecera` (`idFactura`, `sucursal`, `numero`, `fecha`, `anulada`, `idCliente`, `idVendedor`) VALUES (66,0,66,'2008-11-16 00:00:00',1,92,17);
INSERT INTO `facturacabecera` (`idFactura`, `sucursal`, `numero`, `fecha`, `anulada`, `idCliente`, `idVendedor`) VALUES (67,0,67,'2009-04-10 00:00:00',0,91,44);
INSERT INTO `facturacabecera` (`idFactura`, `sucursal`, `numero`, `fecha`, `anulada`, `idCliente`, `idVendedor`) VALUES (68,0,68,'2010-08-19 00:00:00',0,81,7);
INSERT INTO `facturacabecera` (`idFactura`, `sucursal`, `numero`, `fecha`, `anulada`, `idCliente`, `idVendedor`) VALUES (69,0,69,'2010-08-05 00:00:00',0,73,5);
INSERT INTO `facturacabecera` (`idFactura`, `sucursal`, `numero`, `fecha`, `anulada`, `idCliente`, `idVendedor`) VALUES (70,0,70,'2009-01-07 00:00:00',0,15,19);
INSERT INTO `facturacabecera` (`idFactura`, `sucursal`, `numero`, `fecha`, `anulada`, `idCliente`, `idVendedor`) VALUES (71,0,71,'2008-12-05 00:00:00',1,14,12);
INSERT INTO `facturacabecera` (`idFactura`, `sucursal`, `numero`, `fecha`, `anulada`, `idCliente`, `idVendedor`) VALUES (72,0,72,'2009-10-02 00:00:00',1,50,9);
INSERT INTO `facturacabecera` (`idFactura`, `sucursal`, `numero`, `fecha`, `anulada`, `idCliente`, `idVendedor`) VALUES (73,0,73,'2009-04-03 00:00:00',0,53,29);
INSERT INTO `facturacabecera` (`idFactura`, `sucursal`, `numero`, `fecha`, `anulada`, `idCliente`, `idVendedor`) VALUES (74,0,74,'2009-01-30 00:00:00',0,39,29);
INSERT INTO `facturacabecera` (`idFactura`, `sucursal`, `numero`, `fecha`, `anulada`, `idCliente`, `idVendedor`) VALUES (75,0,75,'2008-11-20 00:00:00',0,49,4);
INSERT INTO `facturacabecera` (`idFactura`, `sucursal`, `numero`, `fecha`, `anulada`, `idCliente`, `idVendedor`) VALUES (76,0,76,'2009-06-23 00:00:00',0,99,35);
INSERT INTO `facturacabecera` (`idFactura`, `sucursal`, `numero`, `fecha`, `anulada`, `idCliente`, `idVendedor`) VALUES (77,0,77,'2009-11-19 00:00:00',0,51,32);
INSERT INTO `facturacabecera` (`idFactura`, `sucursal`, `numero`, `fecha`, `anulada`, `idCliente`, `idVendedor`) VALUES (78,0,78,'2010-06-12 00:00:00',0,35,38);
INSERT INTO `facturacabecera` (`idFactura`, `sucursal`, `numero`, `fecha`, `anulada`, `idCliente`, `idVendedor`) VALUES (79,0,79,'2009-07-17 00:00:00',0,17,9);
INSERT INTO `facturacabecera` (`idFactura`, `sucursal`, `numero`, `fecha`, `anulada`, `idCliente`, `idVendedor`) VALUES (80,0,80,'2008-12-25 00:00:00',0,97,11);
INSERT INTO `facturacabecera` (`idFactura`, `sucursal`, `numero`, `fecha`, `anulada`, `idCliente`, `idVendedor`) VALUES (81,0,81,'2009-09-21 00:00:00',0,78,12);
INSERT INTO `facturacabecera` (`idFactura`, `sucursal`, `numero`, `fecha`, `anulada`, `idCliente`, `idVendedor`) VALUES (82,0,82,'2009-04-17 00:00:00',1,63,25);
INSERT INTO `facturacabecera` (`idFactura`, `sucursal`, `numero`, `fecha`, `anulada`, `idCliente`, `idVendedor`) VALUES (83,0,83,'2010-03-04 00:00:00',0,32,48);
INSERT INTO `facturacabecera` (`idFactura`, `sucursal`, `numero`, `fecha`, `anulada`, `idCliente`, `idVendedor`) VALUES (84,0,84,'2008-11-27 00:00:00',0,94,44);
INSERT INTO `facturacabecera` (`idFactura`, `sucursal`, `numero`, `fecha`, `anulada`, `idCliente`, `idVendedor`) VALUES (85,0,85,'2010-07-05 00:00:00',0,85,13);
INSERT INTO `facturacabecera` (`idFactura`, `sucursal`, `numero`, `fecha`, `anulada`, `idCliente`, `idVendedor`) VALUES (86,0,86,'2009-01-13 00:00:00',0,91,25);
INSERT INTO `facturacabecera` (`idFactura`, `sucursal`, `numero`, `fecha`, `anulada`, `idCliente`, `idVendedor`) VALUES (87,0,87,'2009-11-23 00:00:00',0,68,23);
INSERT INTO `facturacabecera` (`idFactura`, `sucursal`, `numero`, `fecha`, `anulada`, `idCliente`, `idVendedor`) VALUES (88,0,88,'2010-09-18 00:00:00',0,68,4);
INSERT INTO `facturacabecera` (`idFactura`, `sucursal`, `numero`, `fecha`, `anulada`, `idCliente`, `idVendedor`) VALUES (89,0,89,'2009-09-07 00:00:00',0,35,1);
INSERT INTO `facturacabecera` (`idFactura`, `sucursal`, `numero`, `fecha`, `anulada`, `idCliente`, `idVendedor`) VALUES (90,0,90,'2009-04-19 00:00:00',0,20,8);
INSERT INTO `facturacabecera` (`idFactura`, `sucursal`, `numero`, `fecha`, `anulada`, `idCliente`, `idVendedor`) VALUES (91,0,91,'2009-02-28 00:00:00',0,100,43);
INSERT INTO `facturacabecera` (`idFactura`, `sucursal`, `numero`, `fecha`, `anulada`, `idCliente`, `idVendedor`) VALUES (92,0,92,'2010-09-07 00:00:00',0,94,13);
INSERT INTO `facturacabecera` (`idFactura`, `sucursal`, `numero`, `fecha`, `anulada`, `idCliente`, `idVendedor`) VALUES (93,0,93,'2008-11-01 00:00:00',0,45,45);
INSERT INTO `facturacabecera` (`idFactura`, `sucursal`, `numero`, `fecha`, `anulada`, `idCliente`, `idVendedor`) VALUES (94,0,94,'2008-10-04 00:00:00',0,92,1);
INSERT INTO `facturacabecera` (`idFactura`, `sucursal`, `numero`, `fecha`, `anulada`, `idCliente`, `idVendedor`) VALUES (95,0,95,'2008-10-22 00:00:00',0,6,30);
INSERT INTO `facturacabecera` (`idFactura`, `sucursal`, `numero`, `fecha`, `anulada`, `idCliente`, `idVendedor`) VALUES (96,0,96,'2009-02-19 00:00:00',0,7,38);
INSERT INTO `facturacabecera` (`idFactura`, `sucursal`, `numero`, `fecha`, `anulada`, `idCliente`, `idVendedor`) VALUES (97,0,97,'2010-03-12 00:00:00',0,18,13);
INSERT INTO `facturacabecera` (`idFactura`, `sucursal`, `numero`, `fecha`, `anulada`, `idCliente`, `idVendedor`) VALUES (98,0,98,'2010-08-30 00:00:00',0,17,39);
INSERT INTO `facturacabecera` (`idFactura`, `sucursal`, `numero`, `fecha`, `anulada`, `idCliente`, `idVendedor`) VALUES (99,0,99,'2010-03-17 00:00:00',1,17,21);
INSERT INTO `facturacabecera` (`idFactura`, `sucursal`, `numero`, `fecha`, `anulada`, `idCliente`, `idVendedor`) VALUES (100,0,100,'2009-07-09 00:00:00',0,92,50);
INSERT INTO `facturacabecera` (`idFactura`, `sucursal`, `numero`, `fecha`, `anulada`, `idCliente`, `idVendedor`) VALUES (101,0,101,'2009-06-28 00:00:00',0,29,36);
INSERT INTO `facturacabecera` (`idFactura`, `sucursal`, `numero`, `fecha`, `anulada`, `idCliente`, `idVendedor`) VALUES (102,0,102,'2010-09-12 00:00:00',0,66,20);
INSERT INTO `facturacabecera` (`idFactura`, `sucursal`, `numero`, `fecha`, `anulada`, `idCliente`, `idVendedor`) VALUES (103,0,103,'2009-05-01 00:00:00',0,59,20);
INSERT INTO `facturacabecera` (`idFactura`, `sucursal`, `numero`, `fecha`, `anulada`, `idCliente`, `idVendedor`) VALUES (104,0,104,'2010-08-29 00:00:00',0,69,37);
INSERT INTO `facturacabecera` (`idFactura`, `sucursal`, `numero`, `fecha`, `anulada`, `idCliente`, `idVendedor`) VALUES (105,0,105,'2008-10-12 00:00:00',0,56,22);
INSERT INTO `facturacabecera` (`idFactura`, `sucursal`, `numero`, `fecha`, `anulada`, `idCliente`, `idVendedor`) VALUES (106,0,106,'2010-01-05 00:00:00',0,96,36);
INSERT INTO `facturacabecera` (`idFactura`, `sucursal`, `numero`, `fecha`, `anulada`, `idCliente`, `idVendedor`) VALUES (107,0,107,'2010-04-07 00:00:00',0,2,17);
INSERT INTO `facturacabecera` (`idFactura`, `sucursal`, `numero`, `fecha`, `anulada`, `idCliente`, `idVendedor`) VALUES (108,0,108,'2009-08-16 00:00:00',1,74,16);
INSERT INTO `facturacabecera` (`idFactura`, `sucursal`, `numero`, `fecha`, `anulada`, `idCliente`, `idVendedor`) VALUES (109,0,109,'2010-04-22 00:00:00',0,59,37);
INSERT INTO `facturacabecera` (`idFactura`, `sucursal`, `numero`, `fecha`, `anulada`, `idCliente`, `idVendedor`) VALUES (110,0,110,'2010-07-25 00:00:00',0,53,21);
INSERT INTO `facturacabecera` (`idFactura`, `sucursal`, `numero`, `fecha`, `anulada`, `idCliente`, `idVendedor`) VALUES (111,0,111,'2009-11-17 00:00:00',0,91,11);
INSERT INTO `facturacabecera` (`idFactura`, `sucursal`, `numero`, `fecha`, `anulada`, `idCliente`, `idVendedor`) VALUES (112,0,112,'2009-04-25 00:00:00',0,74,42);
INSERT INTO `facturacabecera` (`idFactura`, `sucursal`, `numero`, `fecha`, `anulada`, `idCliente`, `idVendedor`) VALUES (113,0,113,'2010-01-01 00:00:00',0,11,48);
INSERT INTO `facturacabecera` (`idFactura`, `sucursal`, `numero`, `fecha`, `anulada`, `idCliente`, `idVendedor`) VALUES (114,0,114,'2009-12-23 00:00:00',0,70,18);
INSERT INTO `facturacabecera` (`idFactura`, `sucursal`, `numero`, `fecha`, `anulada`, `idCliente`, `idVendedor`) VALUES (115,0,115,'2010-02-09 00:00:00',0,70,28);
INSERT INTO `facturacabecera` (`idFactura`, `sucursal`, `numero`, `fecha`, `anulada`, `idCliente`, `idVendedor`) VALUES (116,0,116,'2010-05-31 00:00:00',0,84,44);
INSERT INTO `facturacabecera` (`idFactura`, `sucursal`, `numero`, `fecha`, `anulada`, `idCliente`, `idVendedor`) VALUES (117,0,117,'2009-06-28 00:00:00',1,94,39);
INSERT INTO `facturacabecera` (`idFactura`, `sucursal`, `numero`, `fecha`, `anulada`, `idCliente`, `idVendedor`) VALUES (118,0,118,'2010-04-01 00:00:00',0,39,50);
INSERT INTO `facturacabecera` (`idFactura`, `sucursal`, `numero`, `fecha`, `anulada`, `idCliente`, `idVendedor`) VALUES (119,0,119,'2009-04-07 00:00:00',0,69,35);
INSERT INTO `facturacabecera` (`idFactura`, `sucursal`, `numero`, `fecha`, `anulada`, `idCliente`, `idVendedor`) VALUES (120,0,120,'2009-09-06 00:00:00',1,94,5);
INSERT INTO `facturacabecera` (`idFactura`, `sucursal`, `numero`, `fecha`, `anulada`, `idCliente`, `idVendedor`) VALUES (121,0,121,'2009-01-16 00:00:00',0,21,17);
INSERT INTO `facturacabecera` (`idFactura`, `sucursal`, `numero`, `fecha`, `anulada`, `idCliente`, `idVendedor`) VALUES (122,0,122,'2009-07-06 00:00:00',0,34,45);
INSERT INTO `facturacabecera` (`idFactura`, `sucursal`, `numero`, `fecha`, `anulada`, `idCliente`, `idVendedor`) VALUES (123,0,123,'2010-01-21 00:00:00',0,47,20);
INSERT INTO `facturacabecera` (`idFactura`, `sucursal`, `numero`, `fecha`, `anulada`, `idCliente`, `idVendedor`) VALUES (124,0,124,'2010-02-28 00:00:00',0,90,17);
INSERT INTO `facturacabecera` (`idFactura`, `sucursal`, `numero`, `fecha`, `anulada`, `idCliente`, `idVendedor`) VALUES (125,0,125,'2010-06-24 00:00:00',0,97,32);
INSERT INTO `facturacabecera` (`idFactura`, `sucursal`, `numero`, `fecha`, `anulada`, `idCliente`, `idVendedor`) VALUES (126,0,126,'2009-06-25 00:00:00',0,4,13);
INSERT INTO `facturacabecera` (`idFactura`, `sucursal`, `numero`, `fecha`, `anulada`, `idCliente`, `idVendedor`) VALUES (127,0,127,'2010-03-17 00:00:00',0,16,1);
INSERT INTO `facturacabecera` (`idFactura`, `sucursal`, `numero`, `fecha`, `anulada`, `idCliente`, `idVendedor`) VALUES (128,0,128,'2010-05-13 00:00:00',0,47,18);
INSERT INTO `facturacabecera` (`idFactura`, `sucursal`, `numero`, `fecha`, `anulada`, `idCliente`, `idVendedor`) VALUES (129,0,129,'2008-11-17 00:00:00',1,13,34);
INSERT INTO `facturacabecera` (`idFactura`, `sucursal`, `numero`, `fecha`, `anulada`, `idCliente`, `idVendedor`) VALUES (130,0,130,'2009-12-25 00:00:00',0,77,1);
INSERT INTO `facturacabecera` (`idFactura`, `sucursal`, `numero`, `fecha`, `anulada`, `idCliente`, `idVendedor`) VALUES (131,0,131,'2009-02-23 00:00:00',0,82,28);
INSERT INTO `facturacabecera` (`idFactura`, `sucursal`, `numero`, `fecha`, `anulada`, `idCliente`, `idVendedor`) VALUES (132,0,132,'2010-04-07 00:00:00',0,48,49);
INSERT INTO `facturacabecera` (`idFactura`, `sucursal`, `numero`, `fecha`, `anulada`, `idCliente`, `idVendedor`) VALUES (133,0,133,'2009-03-14 00:00:00',0,31,1);
INSERT INTO `facturacabecera` (`idFactura`, `sucursal`, `numero`, `fecha`, `anulada`, `idCliente`, `idVendedor`) VALUES (134,0,134,'2009-11-20 00:00:00',0,9,36);
INSERT INTO `facturacabecera` (`idFactura`, `sucursal`, `numero`, `fecha`, `anulada`, `idCliente`, `idVendedor`) VALUES (135,0,135,'2010-06-16 00:00:00',0,28,38);
INSERT INTO `facturacabecera` (`idFactura`, `sucursal`, `numero`, `fecha`, `anulada`, `idCliente`, `idVendedor`) VALUES (136,0,136,'2009-04-12 00:00:00',0,64,35);
INSERT INTO `facturacabecera` (`idFactura`, `sucursal`, `numero`, `fecha`, `anulada`, `idCliente`, `idVendedor`) VALUES (137,0,137,'2009-12-07 00:00:00',0,47,13);
INSERT INTO `facturacabecera` (`idFactura`, `sucursal`, `numero`, `fecha`, `anulada`, `idCliente`, `idVendedor`) VALUES (138,0,138,'2009-12-11 00:00:00',0,37,30);
INSERT INTO `facturacabecera` (`idFactura`, `sucursal`, `numero`, `fecha`, `anulada`, `idCliente`, `idVendedor`) VALUES (139,0,139,'2008-11-14 00:00:00',0,54,2);
INSERT INTO `facturacabecera` (`idFactura`, `sucursal`, `numero`, `fecha`, `anulada`, `idCliente`, `idVendedor`) VALUES (140,0,140,'2009-08-18 00:00:00',0,41,29);
INSERT INTO `facturacabecera` (`idFactura`, `sucursal`, `numero`, `fecha`, `anulada`, `idCliente`, `idVendedor`) VALUES (141,0,141,'2010-03-19 00:00:00',0,12,16);
INSERT INTO `facturacabecera` (`idFactura`, `sucursal`, `numero`, `fecha`, `anulada`, `idCliente`, `idVendedor`) VALUES (142,0,142,'2009-04-06 00:00:00',0,7,22);
INSERT INTO `facturacabecera` (`idFactura`, `sucursal`, `numero`, `fecha`, `anulada`, `idCliente`, `idVendedor`) VALUES (143,0,143,'2010-04-20 00:00:00',0,73,15);
INSERT INTO `facturacabecera` (`idFactura`, `sucursal`, `numero`, `fecha`, `anulada`, `idCliente`, `idVendedor`) VALUES (144,0,144,'2009-03-08 00:00:00',0,20,36);
INSERT INTO `facturacabecera` (`idFactura`, `sucursal`, `numero`, `fecha`, `anulada`, `idCliente`, `idVendedor`) VALUES (145,0,145,'2009-08-17 00:00:00',0,13,20);
INSERT INTO `facturacabecera` (`idFactura`, `sucursal`, `numero`, `fecha`, `anulada`, `idCliente`, `idVendedor`) VALUES (146,0,146,'2008-10-11 00:00:00',0,82,5);
INSERT INTO `facturacabecera` (`idFactura`, `sucursal`, `numero`, `fecha`, `anulada`, `idCliente`, `idVendedor`) VALUES (147,0,147,'2009-12-30 00:00:00',0,57,16);
INSERT INTO `facturacabecera` (`idFactura`, `sucursal`, `numero`, `fecha`, `anulada`, `idCliente`, `idVendedor`) VALUES (148,0,148,'2010-01-06 00:00:00',0,9,42);
INSERT INTO `facturacabecera` (`idFactura`, `sucursal`, `numero`, `fecha`, `anulada`, `idCliente`, `idVendedor`) VALUES (149,0,149,'2010-08-20 00:00:00',1,69,11);
INSERT INTO `facturacabecera` (`idFactura`, `sucursal`, `numero`, `fecha`, `anulada`, `idCliente`, `idVendedor`) VALUES (150,0,150,'2010-08-04 00:00:00',0,14,27);
INSERT INTO `facturacabecera` (`idFactura`, `sucursal`, `numero`, `fecha`, `anulada`, `idCliente`, `idVendedor`) VALUES (151,0,151,'2008-10-16 00:00:00',0,88,27);
INSERT INTO `facturacabecera` (`idFactura`, `sucursal`, `numero`, `fecha`, `anulada`, `idCliente`, `idVendedor`) VALUES (152,0,152,'2010-01-25 00:00:00',0,53,46);
INSERT INTO `facturacabecera` (`idFactura`, `sucursal`, `numero`, `fecha`, `anulada`, `idCliente`, `idVendedor`) VALUES (153,0,153,'2010-09-02 00:00:00',0,29,38);
INSERT INTO `facturacabecera` (`idFactura`, `sucursal`, `numero`, `fecha`, `anulada`, `idCliente`, `idVendedor`) VALUES (154,0,154,'2010-04-16 00:00:00',0,51,50);
INSERT INTO `facturacabecera` (`idFactura`, `sucursal`, `numero`, `fecha`, `anulada`, `idCliente`, `idVendedor`) VALUES (155,0,155,'2010-08-31 00:00:00',0,38,16);
INSERT INTO `facturacabecera` (`idFactura`, `sucursal`, `numero`, `fecha`, `anulada`, `idCliente`, `idVendedor`) VALUES (156,0,156,'2009-06-25 00:00:00',0,58,34);
INSERT INTO `facturacabecera` (`idFactura`, `sucursal`, `numero`, `fecha`, `anulada`, `idCliente`, `idVendedor`) VALUES (157,0,157,'2008-11-09 00:00:00',0,72,18);
INSERT INTO `facturacabecera` (`idFactura`, `sucursal`, `numero`, `fecha`, `anulada`, `idCliente`, `idVendedor`) VALUES (158,0,158,'2009-05-02 00:00:00',0,33,20);
INSERT INTO `facturacabecera` (`idFactura`, `sucursal`, `numero`, `fecha`, `anulada`, `idCliente`, `idVendedor`) VALUES (159,0,159,'2009-07-06 00:00:00',0,22,46);
INSERT INTO `facturacabecera` (`idFactura`, `sucursal`, `numero`, `fecha`, `anulada`, `idCliente`, `idVendedor`) VALUES (160,0,160,'2009-12-24 00:00:00',0,75,21);
INSERT INTO `facturacabecera` (`idFactura`, `sucursal`, `numero`, `fecha`, `anulada`, `idCliente`, `idVendedor`) VALUES (161,0,161,'2009-05-31 00:00:00',0,11,48);
INSERT INTO `facturacabecera` (`idFactura`, `sucursal`, `numero`, `fecha`, `anulada`, `idCliente`, `idVendedor`) VALUES (162,0,162,'2008-12-29 00:00:00',0,83,28);
INSERT INTO `facturacabecera` (`idFactura`, `sucursal`, `numero`, `fecha`, `anulada`, `idCliente`, `idVendedor`) VALUES (163,0,163,'2008-10-14 00:00:00',0,84,30);
INSERT INTO `facturacabecera` (`idFactura`, `sucursal`, `numero`, `fecha`, `anulada`, `idCliente`, `idVendedor`) VALUES (164,0,164,'2010-05-11 00:00:00',0,59,27);
INSERT INTO `facturacabecera` (`idFactura`, `sucursal`, `numero`, `fecha`, `anulada`, `idCliente`, `idVendedor`) VALUES (165,0,165,'2009-02-09 00:00:00',0,17,17);
INSERT INTO `facturacabecera` (`idFactura`, `sucursal`, `numero`, `fecha`, `anulada`, `idCliente`, `idVendedor`) VALUES (166,0,166,'2010-08-16 00:00:00',0,75,21);
INSERT INTO `facturacabecera` (`idFactura`, `sucursal`, `numero`, `fecha`, `anulada`, `idCliente`, `idVendedor`) VALUES (167,0,167,'2009-06-30 00:00:00',0,75,38);
INSERT INTO `facturacabecera` (`idFactura`, `sucursal`, `numero`, `fecha`, `anulada`, `idCliente`, `idVendedor`) VALUES (168,0,168,'2009-12-18 00:00:00',0,14,8);
INSERT INTO `facturacabecera` (`idFactura`, `sucursal`, `numero`, `fecha`, `anulada`, `idCliente`, `idVendedor`) VALUES (169,0,169,'2009-08-20 00:00:00',0,81,11);
INSERT INTO `facturacabecera` (`idFactura`, `sucursal`, `numero`, `fecha`, `anulada`, `idCliente`, `idVendedor`) VALUES (170,0,170,'2009-01-15 00:00:00',0,49,29);
INSERT INTO `facturacabecera` (`idFactura`, `sucursal`, `numero`, `fecha`, `anulada`, `idCliente`, `idVendedor`) VALUES (171,0,171,'2009-03-30 00:00:00',0,18,9);
INSERT INTO `facturacabecera` (`idFactura`, `sucursal`, `numero`, `fecha`, `anulada`, `idCliente`, `idVendedor`) VALUES (172,0,172,'2009-10-19 00:00:00',0,18,22);
INSERT INTO `facturacabecera` (`idFactura`, `sucursal`, `numero`, `fecha`, `anulada`, `idCliente`, `idVendedor`) VALUES (173,0,173,'2009-09-16 00:00:00',0,69,16);
INSERT INTO `facturacabecera` (`idFactura`, `sucursal`, `numero`, `fecha`, `anulada`, `idCliente`, `idVendedor`) VALUES (174,0,174,'2010-04-19 00:00:00',0,93,8);
INSERT INTO `facturacabecera` (`idFactura`, `sucursal`, `numero`, `fecha`, `anulada`, `idCliente`, `idVendedor`) VALUES (175,0,175,'2009-11-29 00:00:00',0,45,34);
INSERT INTO `facturacabecera` (`idFactura`, `sucursal`, `numero`, `fecha`, `anulada`, `idCliente`, `idVendedor`) VALUES (176,0,176,'2010-04-23 00:00:00',0,22,7);
INSERT INTO `facturacabecera` (`idFactura`, `sucursal`, `numero`, `fecha`, `anulada`, `idCliente`, `idVendedor`) VALUES (177,0,177,'2010-03-21 00:00:00',0,45,28);
INSERT INTO `facturacabecera` (`idFactura`, `sucursal`, `numero`, `fecha`, `anulada`, `idCliente`, `idVendedor`) VALUES (178,0,178,'2009-01-04 00:00:00',0,50,14);
INSERT INTO `facturacabecera` (`idFactura`, `sucursal`, `numero`, `fecha`, `anulada`, `idCliente`, `idVendedor`) VALUES (179,0,179,'2009-01-11 00:00:00',0,6,41);
INSERT INTO `facturacabecera` (`idFactura`, `sucursal`, `numero`, `fecha`, `anulada`, `idCliente`, `idVendedor`) VALUES (180,0,180,'2010-05-11 00:00:00',0,5,38);
INSERT INTO `facturacabecera` (`idFactura`, `sucursal`, `numero`, `fecha`, `anulada`, `idCliente`, `idVendedor`) VALUES (181,0,181,'2010-02-06 00:00:00',0,95,41);
INSERT INTO `facturacabecera` (`idFactura`, `sucursal`, `numero`, `fecha`, `anulada`, `idCliente`, `idVendedor`) VALUES (182,0,182,'2010-03-28 00:00:00',0,69,5);
INSERT INTO `facturacabecera` (`idFactura`, `sucursal`, `numero`, `fecha`, `anulada`, `idCliente`, `idVendedor`) VALUES (183,0,183,'2010-07-19 00:00:00',0,39,50);
INSERT INTO `facturacabecera` (`idFactura`, `sucursal`, `numero`, `fecha`, `anulada`, `idCliente`, `idVendedor`) VALUES (184,0,184,'2008-11-18 00:00:00',0,74,15);
INSERT INTO `facturacabecera` (`idFactura`, `sucursal`, `numero`, `fecha`, `anulada`, `idCliente`, `idVendedor`) VALUES (185,0,185,'2010-07-22 00:00:00',0,15,37);
INSERT INTO `facturacabecera` (`idFactura`, `sucursal`, `numero`, `fecha`, `anulada`, `idCliente`, `idVendedor`) VALUES (186,0,186,'2010-01-03 00:00:00',0,25,21);
INSERT INTO `facturacabecera` (`idFactura`, `sucursal`, `numero`, `fecha`, `anulada`, `idCliente`, `idVendedor`) VALUES (187,0,187,'2010-08-04 00:00:00',0,97,35);
INSERT INTO `facturacabecera` (`idFactura`, `sucursal`, `numero`, `fecha`, `anulada`, `idCliente`, `idVendedor`) VALUES (188,0,188,'2010-06-10 00:00:00',0,59,32);
INSERT INTO `facturacabecera` (`idFactura`, `sucursal`, `numero`, `fecha`, `anulada`, `idCliente`, `idVendedor`) VALUES (189,0,189,'2009-04-24 00:00:00',0,49,14);
INSERT INTO `facturacabecera` (`idFactura`, `sucursal`, `numero`, `fecha`, `anulada`, `idCliente`, `idVendedor`) VALUES (190,0,190,'2010-03-25 00:00:00',0,86,5);
INSERT INTO `facturacabecera` (`idFactura`, `sucursal`, `numero`, `fecha`, `anulada`, `idCliente`, `idVendedor`) VALUES (191,0,191,'2009-04-09 00:00:00',0,70,9);
INSERT INTO `facturacabecera` (`idFactura`, `sucursal`, `numero`, `fecha`, `anulada`, `idCliente`, `idVendedor`) VALUES (192,0,192,'2010-02-18 00:00:00',0,97,19);
INSERT INTO `facturacabecera` (`idFactura`, `sucursal`, `numero`, `fecha`, `anulada`, `idCliente`, `idVendedor`) VALUES (193,0,193,'2010-04-06 00:00:00',0,47,6);
INSERT INTO `facturacabecera` (`idFactura`, `sucursal`, `numero`, `fecha`, `anulada`, `idCliente`, `idVendedor`) VALUES (194,0,194,'2010-07-10 00:00:00',0,46,12);
INSERT INTO `facturacabecera` (`idFactura`, `sucursal`, `numero`, `fecha`, `anulada`, `idCliente`, `idVendedor`) VALUES (195,0,195,'2009-02-27 00:00:00',0,15,31);
INSERT INTO `facturacabecera` (`idFactura`, `sucursal`, `numero`, `fecha`, `anulada`, `idCliente`, `idVendedor`) VALUES (196,0,196,'2010-09-16 00:00:00',0,13,41);
INSERT INTO `facturacabecera` (`idFactura`, `sucursal`, `numero`, `fecha`, `anulada`, `idCliente`, `idVendedor`) VALUES (197,0,197,'2009-03-30 00:00:00',0,2,50);
INSERT INTO `facturacabecera` (`idFactura`, `sucursal`, `numero`, `fecha`, `anulada`, `idCliente`, `idVendedor`) VALUES (198,0,198,'2008-10-06 00:00:00',0,54,16);
INSERT INTO `facturacabecera` (`idFactura`, `sucursal`, `numero`, `fecha`, `anulada`, `idCliente`, `idVendedor`) VALUES (199,0,199,'2010-03-17 00:00:00',0,13,38);
INSERT INTO `facturacabecera` (`idFactura`, `sucursal`, `numero`, `fecha`, `anulada`, `idCliente`, `idVendedor`) VALUES (200,0,200,'2010-02-21 00:00:00',0,32,38);
INSERT INTO `facturacabecera` (`idFactura`, `sucursal`, `numero`, `fecha`, `anulada`, `idCliente`, `idVendedor`) VALUES (201,0,201,'2010-09-26 00:00:00',0,17,44);
INSERT INTO `facturacabecera` (`idFactura`, `sucursal`, `numero`, `fecha`, `anulada`, `idCliente`, `idVendedor`) VALUES (202,0,202,'2009-06-04 00:00:00',0,32,18);
INSERT INTO `facturacabecera` (`idFactura`, `sucursal`, `numero`, `fecha`, `anulada`, `idCliente`, `idVendedor`) VALUES (203,0,203,'2010-01-28 00:00:00',0,99,47);
INSERT INTO `facturacabecera` (`idFactura`, `sucursal`, `numero`, `fecha`, `anulada`, `idCliente`, `idVendedor`) VALUES (204,0,204,'2010-06-20 00:00:00',0,55,11);
INSERT INTO `facturacabecera` (`idFactura`, `sucursal`, `numero`, `fecha`, `anulada`, `idCliente`, `idVendedor`) VALUES (205,0,205,'2010-05-07 00:00:00',0,95,26);
INSERT INTO `facturacabecera` (`idFactura`, `sucursal`, `numero`, `fecha`, `anulada`, `idCliente`, `idVendedor`) VALUES (206,0,206,'2010-08-02 00:00:00',0,93,22);
INSERT INTO `facturacabecera` (`idFactura`, `sucursal`, `numero`, `fecha`, `anulada`, `idCliente`, `idVendedor`) VALUES (207,0,207,'2009-03-19 00:00:00',0,33,11);
INSERT INTO `facturacabecera` (`idFactura`, `sucursal`, `numero`, `fecha`, `anulada`, `idCliente`, `idVendedor`) VALUES (208,0,208,'2009-11-10 00:00:00',0,5,10);
INSERT INTO `facturacabecera` (`idFactura`, `sucursal`, `numero`, `fecha`, `anulada`, `idCliente`, `idVendedor`) VALUES (209,0,209,'2009-07-04 00:00:00',0,37,49);
INSERT INTO `facturacabecera` (`idFactura`, `sucursal`, `numero`, `fecha`, `anulada`, `idCliente`, `idVendedor`) VALUES (210,0,210,'2008-11-28 00:00:00',0,96,6);
INSERT INTO `facturacabecera` (`idFactura`, `sucursal`, `numero`, `fecha`, `anulada`, `idCliente`, `idVendedor`) VALUES (211,0,211,'2010-01-09 00:00:00',0,55,42);
INSERT INTO `facturacabecera` (`idFactura`, `sucursal`, `numero`, `fecha`, `anulada`, `idCliente`, `idVendedor`) VALUES (212,0,212,'2009-01-19 00:00:00',0,25,41);
INSERT INTO `facturacabecera` (`idFactura`, `sucursal`, `numero`, `fecha`, `anulada`, `idCliente`, `idVendedor`) VALUES (213,0,213,'2009-10-10 00:00:00',0,39,36);
INSERT INTO `facturacabecera` (`idFactura`, `sucursal`, `numero`, `fecha`, `anulada`, `idCliente`, `idVendedor`) VALUES (214,0,214,'2009-05-12 00:00:00',0,59,7);
INSERT INTO `facturacabecera` (`idFactura`, `sucursal`, `numero`, `fecha`, `anulada`, `idCliente`, `idVendedor`) VALUES (215,0,215,'2010-01-30 00:00:00',0,81,18);
INSERT INTO `facturacabecera` (`idFactura`, `sucursal`, `numero`, `fecha`, `anulada`, `idCliente`, `idVendedor`) VALUES (216,0,216,'2009-02-16 00:00:00',0,9,36);
INSERT INTO `facturacabecera` (`idFactura`, `sucursal`, `numero`, `fecha`, `anulada`, `idCliente`, `idVendedor`) VALUES (217,0,217,'2009-06-30 00:00:00',0,78,31);
INSERT INTO `facturacabecera` (`idFactura`, `sucursal`, `numero`, `fecha`, `anulada`, `idCliente`, `idVendedor`) VALUES (218,0,218,'2010-05-31 00:00:00',1,12,6);
INSERT INTO `facturacabecera` (`idFactura`, `sucursal`, `numero`, `fecha`, `anulada`, `idCliente`, `idVendedor`) VALUES (219,0,219,'2010-04-28 00:00:00',0,31,7);
INSERT INTO `facturacabecera` (`idFactura`, `sucursal`, `numero`, `fecha`, `anulada`, `idCliente`, `idVendedor`) VALUES (220,0,220,'2010-01-04 00:00:00',0,49,3);
INSERT INTO `facturacabecera` (`idFactura`, `sucursal`, `numero`, `fecha`, `anulada`, `idCliente`, `idVendedor`) VALUES (221,0,221,'2009-04-23 00:00:00',1,13,32);
INSERT INTO `facturacabecera` (`idFactura`, `sucursal`, `numero`, `fecha`, `anulada`, `idCliente`, `idVendedor`) VALUES (222,0,222,'2008-12-07 00:00:00',0,32,4);
INSERT INTO `facturacabecera` (`idFactura`, `sucursal`, `numero`, `fecha`, `anulada`, `idCliente`, `idVendedor`) VALUES (223,0,223,'2010-05-07 00:00:00',0,76,34);
INSERT INTO `facturacabecera` (`idFactura`, `sucursal`, `numero`, `fecha`, `anulada`, `idCliente`, `idVendedor`) VALUES (224,0,224,'2010-08-03 00:00:00',0,13,21);
INSERT INTO `facturacabecera` (`idFactura`, `sucursal`, `numero`, `fecha`, `anulada`, `idCliente`, `idVendedor`) VALUES (225,0,225,'2010-09-16 00:00:00',0,74,10);
INSERT INTO `facturacabecera` (`idFactura`, `sucursal`, `numero`, `fecha`, `anulada`, `idCliente`, `idVendedor`) VALUES (226,0,226,'2010-05-27 00:00:00',0,65,16);
INSERT INTO `facturacabecera` (`idFactura`, `sucursal`, `numero`, `fecha`, `anulada`, `idCliente`, `idVendedor`) VALUES (227,0,227,'2009-09-07 00:00:00',0,23,1);
INSERT INTO `facturacabecera` (`idFactura`, `sucursal`, `numero`, `fecha`, `anulada`, `idCliente`, `idVendedor`) VALUES (228,0,228,'2010-02-07 00:00:00',0,7,40);
INSERT INTO `facturacabecera` (`idFactura`, `sucursal`, `numero`, `fecha`, `anulada`, `idCliente`, `idVendedor`) VALUES (229,0,229,'2010-09-05 00:00:00',0,4,11);
INSERT INTO `facturacabecera` (`idFactura`, `sucursal`, `numero`, `fecha`, `anulada`, `idCliente`, `idVendedor`) VALUES (230,0,230,'2008-12-31 00:00:00',0,12,5);
INSERT INTO `facturacabecera` (`idFactura`, `sucursal`, `numero`, `fecha`, `anulada`, `idCliente`, `idVendedor`) VALUES (231,0,231,'2009-08-27 00:00:00',1,29,7);
INSERT INTO `facturacabecera` (`idFactura`, `sucursal`, `numero`, `fecha`, `anulada`, `idCliente`, `idVendedor`) VALUES (232,0,232,'2010-08-15 00:00:00',0,18,2);
INSERT INTO `facturacabecera` (`idFactura`, `sucursal`, `numero`, `fecha`, `anulada`, `idCliente`, `idVendedor`) VALUES (233,0,233,'2009-01-13 00:00:00',0,36,26);
INSERT INTO `facturacabecera` (`idFactura`, `sucursal`, `numero`, `fecha`, `anulada`, `idCliente`, `idVendedor`) VALUES (234,0,234,'2009-05-03 00:00:00',0,97,43);
INSERT INTO `facturacabecera` (`idFactura`, `sucursal`, `numero`, `fecha`, `anulada`, `idCliente`, `idVendedor`) VALUES (235,0,235,'2009-04-27 00:00:00',0,74,10);
INSERT INTO `facturacabecera` (`idFactura`, `sucursal`, `numero`, `fecha`, `anulada`, `idCliente`, `idVendedor`) VALUES (236,0,236,'2008-11-28 00:00:00',0,91,25);
INSERT INTO `facturacabecera` (`idFactura`, `sucursal`, `numero`, `fecha`, `anulada`, `idCliente`, `idVendedor`) VALUES (237,0,237,'2009-04-05 00:00:00',0,52,42);
INSERT INTO `facturacabecera` (`idFactura`, `sucursal`, `numero`, `fecha`, `anulada`, `idCliente`, `idVendedor`) VALUES (238,0,238,'2009-01-17 00:00:00',1,3,4);
INSERT INTO `facturacabecera` (`idFactura`, `sucursal`, `numero`, `fecha`, `anulada`, `idCliente`, `idVendedor`) VALUES (239,0,239,'2009-12-10 00:00:00',0,73,15);
INSERT INTO `facturacabecera` (`idFactura`, `sucursal`, `numero`, `fecha`, `anulada`, `idCliente`, `idVendedor`) VALUES (240,0,240,'2009-08-11 00:00:00',1,23,50);
INSERT INTO `facturacabecera` (`idFactura`, `sucursal`, `numero`, `fecha`, `anulada`, `idCliente`, `idVendedor`) VALUES (241,0,241,'2009-01-04 00:00:00',0,98,33);
INSERT INTO `facturacabecera` (`idFactura`, `sucursal`, `numero`, `fecha`, `anulada`, `idCliente`, `idVendedor`) VALUES (242,0,242,'2010-05-17 00:00:00',0,15,27);
INSERT INTO `facturacabecera` (`idFactura`, `sucursal`, `numero`, `fecha`, `anulada`, `idCliente`, `idVendedor`) VALUES (243,0,243,'2009-04-13 00:00:00',0,22,4);
INSERT INTO `facturacabecera` (`idFactura`, `sucursal`, `numero`, `fecha`, `anulada`, `idCliente`, `idVendedor`) VALUES (244,0,244,'2010-02-19 00:00:00',0,89,9);
INSERT INTO `facturacabecera` (`idFactura`, `sucursal`, `numero`, `fecha`, `anulada`, `idCliente`, `idVendedor`) VALUES (245,0,245,'2009-03-31 00:00:00',0,83,28);
INSERT INTO `facturacabecera` (`idFactura`, `sucursal`, `numero`, `fecha`, `anulada`, `idCliente`, `idVendedor`) VALUES (246,0,246,'2009-01-19 00:00:00',0,27,18);
INSERT INTO `facturacabecera` (`idFactura`, `sucursal`, `numero`, `fecha`, `anulada`, `idCliente`, `idVendedor`) VALUES (247,0,247,'2009-03-21 00:00:00',1,76,16);
INSERT INTO `facturacabecera` (`idFactura`, `sucursal`, `numero`, `fecha`, `anulada`, `idCliente`, `idVendedor`) VALUES (248,0,248,'2009-06-25 00:00:00',0,70,21);
INSERT INTO `facturacabecera` (`idFactura`, `sucursal`, `numero`, `fecha`, `anulada`, `idCliente`, `idVendedor`) VALUES (249,0,249,'2009-12-24 00:00:00',0,21,4);
INSERT INTO `facturacabecera` (`idFactura`, `sucursal`, `numero`, `fecha`, `anulada`, `idCliente`, `idVendedor`) VALUES (250,0,250,'2009-07-12 00:00:00',0,73,7);
INSERT INTO `facturacabecera` (`idFactura`, `sucursal`, `numero`, `fecha`, `anulada`, `idCliente`, `idVendedor`) VALUES (251,0,251,'2009-06-05 00:00:00',0,89,14);
INSERT INTO `facturacabecera` (`idFactura`, `sucursal`, `numero`, `fecha`, `anulada`, `idCliente`, `idVendedor`) VALUES (252,0,252,'2009-03-12 00:00:00',0,88,28);
INSERT INTO `facturacabecera` (`idFactura`, `sucursal`, `numero`, `fecha`, `anulada`, `idCliente`, `idVendedor`) VALUES (253,0,253,'2009-04-29 00:00:00',0,88,41);
INSERT INTO `facturacabecera` (`idFactura`, `sucursal`, `numero`, `fecha`, `anulada`, `idCliente`, `idVendedor`) VALUES (254,0,254,'2009-11-13 00:00:00',0,67,21);
INSERT INTO `facturacabecera` (`idFactura`, `sucursal`, `numero`, `fecha`, `anulada`, `idCliente`, `idVendedor`) VALUES (255,0,255,'2009-06-18 00:00:00',0,79,23);
INSERT INTO `facturacabecera` (`idFactura`, `sucursal`, `numero`, `fecha`, `anulada`, `idCliente`, `idVendedor`) VALUES (256,0,256,'2009-11-05 00:00:00',0,90,16);
INSERT INTO `facturacabecera` (`idFactura`, `sucursal`, `numero`, `fecha`, `anulada`, `idCliente`, `idVendedor`) VALUES (257,0,257,'2008-10-28 00:00:00',0,63,38);
INSERT INTO `facturacabecera` (`idFactura`, `sucursal`, `numero`, `fecha`, `anulada`, `idCliente`, `idVendedor`) VALUES (258,0,258,'2008-11-10 00:00:00',0,79,5);
INSERT INTO `facturacabecera` (`idFactura`, `sucursal`, `numero`, `fecha`, `anulada`, `idCliente`, `idVendedor`) VALUES (259,0,259,'2010-03-23 00:00:00',1,52,34);
INSERT INTO `facturacabecera` (`idFactura`, `sucursal`, `numero`, `fecha`, `anulada`, `idCliente`, `idVendedor`) VALUES (260,0,260,'2009-02-24 00:00:00',0,55,11);
INSERT INTO `facturacabecera` (`idFactura`, `sucursal`, `numero`, `fecha`, `anulada`, `idCliente`, `idVendedor`) VALUES (261,0,261,'2010-09-13 00:00:00',0,51,5);
INSERT INTO `facturacabecera` (`idFactura`, `sucursal`, `numero`, `fecha`, `anulada`, `idCliente`, `idVendedor`) VALUES (262,0,262,'2010-02-28 00:00:00',0,31,30);
INSERT INTO `facturacabecera` (`idFactura`, `sucursal`, `numero`, `fecha`, `anulada`, `idCliente`, `idVendedor`) VALUES (263,0,263,'2009-01-21 00:00:00',0,66,24);
INSERT INTO `facturacabecera` (`idFactura`, `sucursal`, `numero`, `fecha`, `anulada`, `idCliente`, `idVendedor`) VALUES (264,0,264,'2009-02-09 00:00:00',0,19,28);
INSERT INTO `facturacabecera` (`idFactura`, `sucursal`, `numero`, `fecha`, `anulada`, `idCliente`, `idVendedor`) VALUES (265,0,265,'2009-10-23 00:00:00',0,67,34);
INSERT INTO `facturacabecera` (`idFactura`, `sucursal`, `numero`, `fecha`, `anulada`, `idCliente`, `idVendedor`) VALUES (266,0,266,'2009-06-29 00:00:00',0,88,9);
INSERT INTO `facturacabecera` (`idFactura`, `sucursal`, `numero`, `fecha`, `anulada`, `idCliente`, `idVendedor`) VALUES (267,0,267,'2010-03-19 00:00:00',1,19,32);
INSERT INTO `facturacabecera` (`idFactura`, `sucursal`, `numero`, `fecha`, `anulada`, `idCliente`, `idVendedor`) VALUES (268,0,268,'2008-10-08 00:00:00',0,84,8);
INSERT INTO `facturacabecera` (`idFactura`, `sucursal`, `numero`, `fecha`, `anulada`, `idCliente`, `idVendedor`) VALUES (269,0,269,'2010-08-11 00:00:00',0,35,18);
INSERT INTO `facturacabecera` (`idFactura`, `sucursal`, `numero`, `fecha`, `anulada`, `idCliente`, `idVendedor`) VALUES (270,0,270,'2009-12-25 00:00:00',0,94,31);
INSERT INTO `facturacabecera` (`idFactura`, `sucursal`, `numero`, `fecha`, `anulada`, `idCliente`, `idVendedor`) VALUES (271,0,271,'2009-12-09 00:00:00',0,91,8);
INSERT INTO `facturacabecera` (`idFactura`, `sucursal`, `numero`, `fecha`, `anulada`, `idCliente`, `idVendedor`) VALUES (272,0,272,'2010-08-27 00:00:00',0,66,45);
INSERT INTO `facturacabecera` (`idFactura`, `sucursal`, `numero`, `fecha`, `anulada`, `idCliente`, `idVendedor`) VALUES (273,0,273,'2009-11-24 00:00:00',0,58,26);
INSERT INTO `facturacabecera` (`idFactura`, `sucursal`, `numero`, `fecha`, `anulada`, `idCliente`, `idVendedor`) VALUES (274,0,274,'2010-01-15 00:00:00',0,36,13);
INSERT INTO `facturacabecera` (`idFactura`, `sucursal`, `numero`, `fecha`, `anulada`, `idCliente`, `idVendedor`) VALUES (275,0,275,'2010-02-06 00:00:00',0,93,37);
INSERT INTO `facturacabecera` (`idFactura`, `sucursal`, `numero`, `fecha`, `anulada`, `idCliente`, `idVendedor`) VALUES (276,0,276,'2010-05-22 00:00:00',0,8,1);
INSERT INTO `facturacabecera` (`idFactura`, `sucursal`, `numero`, `fecha`, `anulada`, `idCliente`, `idVendedor`) VALUES (277,0,277,'2009-12-29 00:00:00',0,32,20);
INSERT INTO `facturacabecera` (`idFactura`, `sucursal`, `numero`, `fecha`, `anulada`, `idCliente`, `idVendedor`) VALUES (278,0,278,'2010-04-09 00:00:00',0,7,49);
INSERT INTO `facturacabecera` (`idFactura`, `sucursal`, `numero`, `fecha`, `anulada`, `idCliente`, `idVendedor`) VALUES (279,0,279,'2010-09-11 00:00:00',0,19,18);
INSERT INTO `facturacabecera` (`idFactura`, `sucursal`, `numero`, `fecha`, `anulada`, `idCliente`, `idVendedor`) VALUES (280,0,280,'2008-11-14 00:00:00',1,74,15);
INSERT INTO `facturacabecera` (`idFactura`, `sucursal`, `numero`, `fecha`, `anulada`, `idCliente`, `idVendedor`) VALUES (281,0,281,'2009-07-16 00:00:00',0,63,46);
INSERT INTO `facturacabecera` (`idFactura`, `sucursal`, `numero`, `fecha`, `anulada`, `idCliente`, `idVendedor`) VALUES (282,0,282,'2010-03-09 00:00:00',1,41,50);
INSERT INTO `facturacabecera` (`idFactura`, `sucursal`, `numero`, `fecha`, `anulada`, `idCliente`, `idVendedor`) VALUES (283,0,283,'2010-03-08 00:00:00',0,78,30);
INSERT INTO `facturacabecera` (`idFactura`, `sucursal`, `numero`, `fecha`, `anulada`, `idCliente`, `idVendedor`) VALUES (284,0,284,'2008-10-31 00:00:00',0,44,21);
INSERT INTO `facturacabecera` (`idFactura`, `sucursal`, `numero`, `fecha`, `anulada`, `idCliente`, `idVendedor`) VALUES (285,0,285,'2009-02-13 00:00:00',0,47,49);
INSERT INTO `facturacabecera` (`idFactura`, `sucursal`, `numero`, `fecha`, `anulada`, `idCliente`, `idVendedor`) VALUES (286,0,286,'2009-12-26 00:00:00',0,51,47);
INSERT INTO `facturacabecera` (`idFactura`, `sucursal`, `numero`, `fecha`, `anulada`, `idCliente`, `idVendedor`) VALUES (287,0,287,'2010-04-12 00:00:00',0,64,4);
INSERT INTO `facturacabecera` (`idFactura`, `sucursal`, `numero`, `fecha`, `anulada`, `idCliente`, `idVendedor`) VALUES (288,0,288,'2008-10-21 00:00:00',1,17,43);
INSERT INTO `facturacabecera` (`idFactura`, `sucursal`, `numero`, `fecha`, `anulada`, `idCliente`, `idVendedor`) VALUES (289,0,289,'2010-07-10 00:00:00',0,80,44);
INSERT INTO `facturacabecera` (`idFactura`, `sucursal`, `numero`, `fecha`, `anulada`, `idCliente`, `idVendedor`) VALUES (290,0,290,'2009-12-06 00:00:00',0,32,27);
INSERT INTO `facturacabecera` (`idFactura`, `sucursal`, `numero`, `fecha`, `anulada`, `idCliente`, `idVendedor`) VALUES (291,0,291,'2009-03-16 00:00:00',0,52,25);
INSERT INTO `facturacabecera` (`idFactura`, `sucursal`, `numero`, `fecha`, `anulada`, `idCliente`, `idVendedor`) VALUES (292,0,292,'2009-12-05 00:00:00',0,36,25);
INSERT INTO `facturacabecera` (`idFactura`, `sucursal`, `numero`, `fecha`, `anulada`, `idCliente`, `idVendedor`) VALUES (293,0,293,'2009-05-22 00:00:00',0,61,33);
INSERT INTO `facturacabecera` (`idFactura`, `sucursal`, `numero`, `fecha`, `anulada`, `idCliente`, `idVendedor`) VALUES (294,0,294,'2009-04-09 00:00:00',0,63,40);
INSERT INTO `facturacabecera` (`idFactura`, `sucursal`, `numero`, `fecha`, `anulada`, `idCliente`, `idVendedor`) VALUES (295,0,295,'2010-03-10 00:00:00',0,17,44);
INSERT INTO `facturacabecera` (`idFactura`, `sucursal`, `numero`, `fecha`, `anulada`, `idCliente`, `idVendedor`) VALUES (296,0,296,'2010-07-15 00:00:00',0,36,18);
INSERT INTO `facturacabecera` (`idFactura`, `sucursal`, `numero`, `fecha`, `anulada`, `idCliente`, `idVendedor`) VALUES (297,0,297,'2010-07-14 00:00:00',1,68,39);
INSERT INTO `facturacabecera` (`idFactura`, `sucursal`, `numero`, `fecha`, `anulada`, `idCliente`, `idVendedor`) VALUES (298,0,298,'2009-01-02 00:00:00',0,67,6);
INSERT INTO `facturacabecera` (`idFactura`, `sucursal`, `numero`, `fecha`, `anulada`, `idCliente`, `idVendedor`) VALUES (299,0,299,'2010-09-03 00:00:00',0,77,12);
INSERT INTO `facturacabecera` (`idFactura`, `sucursal`, `numero`, `fecha`, `anulada`, `idCliente`, `idVendedor`) VALUES (300,0,300,'2009-02-16 00:00:00',0,49,22);
/*!40000 ALTER TABLE `facturacabecera` ENABLE KEYS */;
UNLOCK TABLES;

--
-- Table structure for table `clientes`
--

DROP TABLE IF EXISTS `clientes`;
/*!40101 SET @saved_cs_client     = @@character_set_client */;
/*!40101 SET character_set_client = utf8 */;
CREATE TABLE `clientes` (
  `idCliente` int(10) unsigned NOT NULL,
  `Cliente` varchar(45) NOT NULL,
  `idZona` int(10) unsigned NOT NULL,
  `cuentaHabilitada` int(10) unsigned NOT NULL COMMENT '1=Habilitada',
  PRIMARY KEY (`idCliente`),
  KEY `FK_clientes_zona` (`idZona`),
  CONSTRAINT `FK_clientes_zona` FOREIGN KEY (`idZona`) REFERENCES `zonas` (`idZona`)
) ENGINE=InnoDB DEFAULT CHARSET=latin1;
/*!40101 SET character_set_client = @saved_cs_client */;

--
-- Dumping data for table `clientes`
--

LOCK TABLES `clientes` WRITE;
/*!40000 ALTER TABLE `clientes` DISABLE KEYS */;
INSERT INTO `clientes` (`idCliente`, `Cliente`, `idZona`, `cuentaHabilitada`) VALUES (1,'Cliente 1',1,1);
INSERT INTO `clientes` (`idCliente`, `Cliente`, `idZona`, `cuentaHabilitada`) VALUES (2,'Cliente 2',6,1);
INSERT INTO `clientes` (`idCliente`, `Cliente`, `idZona`, `cuentaHabilitada`) VALUES (3,'Cliente 3',3,1);
INSERT INTO `clientes` (`idCliente`, `Cliente`, `idZona`, `cuentaHabilitada`) VALUES (4,'Cliente 4',3,1);
INSERT INTO `clientes` (`idCliente`, `Cliente`, `idZona`, `cuentaHabilitada`) VALUES (5,'Cliente 5',2,0);
INSERT INTO `clientes` (`idCliente`, `Cliente`, `idZona`, `cuentaHabilitada`) VALUES (6,'Cliente 6',6,1);
INSERT INTO `clientes` (`idCliente`, `Cliente`, `idZona`, `cuentaHabilitada`) VALUES (7,'Cliente 7',3,1);
INSERT INTO `clientes` (`idCliente`, `Cliente`, `idZona`, `cuentaHabilitada`) VALUES (8,'Cliente 8',3,1);
INSERT INTO `clientes` (`idCliente`, `Cliente`, `idZona`, `cuentaHabilitada`) VALUES (9,'Cliente 9',7,1);
INSERT INTO `clientes` (`idCliente`, `Cliente`, `idZona`, `cuentaHabilitada`) VALUES (10,'Cliente 10',4,1);
INSERT INTO `clientes` (`idCliente`, `Cliente`, `idZona`, `cuentaHabilitada`) VALUES (11,'Cliente 11',3,1);
INSERT INTO `clientes` (`idCliente`, `Cliente`, `idZona`, `cuentaHabilitada`) VALUES (12,'Cliente 12',2,1);
INSERT INTO `clientes` (`idCliente`, `Cliente`, `idZona`, `cuentaHabilitada`) VALUES (13,'Cliente 13',2,0);
INSERT INTO `clientes` (`idCliente`, `Cliente`, `idZona`, `cuentaHabilitada`) VALUES (14,'Cliente 14',1,1);
INSERT INTO `clientes` (`idCliente`, `Cliente`, `idZona`, `cuentaHabilitada`) VALUES (15,'Cliente 15',5,1);
INSERT INTO `clientes` (`idCliente`, `Cliente`, `idZona`, `cuentaHabilitada`) VALUES (16,'Cliente 16',2,1);
INSERT INTO `clientes` (`idCliente`, `Cliente`, `idZona`, `cuentaHabilitada`) VALUES (17,'Cliente 17',7,1);
INSERT INTO `clientes` (`idCliente`, `Cliente`, `idZona`, `cuentaHabilitada`) VALUES (18,'Cliente 18',9,1);
INSERT INTO `clientes` (`idCliente`, `Cliente`, `idZona`, `cuentaHabilitada`) VALUES (19,'Cliente 19',9,1);
INSERT INTO `clientes` (`idCliente`, `Cliente`, `idZona`, `cuentaHabilitada`) VALUES (20,'Cliente 20',7,1);
INSERT INTO `clientes` (`idCliente`, `Cliente`, `idZona`, `cuentaHabilitada`) VALUES (21,'Cliente 21',10,1);
INSERT INTO `clientes` (`idCliente`, `Cliente`, `idZona`, `cuentaHabilitada`) VALUES (22,'Cliente 22',3,1);
INSERT INTO `clientes` (`idCliente`, `Cliente`, `idZona`, `cuentaHabilitada`) VALUES (23,'Cliente 23',1,1);
INSERT INTO `clientes` (`idCliente`, `Cliente`, `idZona`, `cuentaHabilitada`) VALUES (24,'Cliente 24',3,1);
INSERT INTO `clientes` (`idCliente`, `Cliente`, `idZona`, `cuentaHabilitada`) VALUES (25,'Cliente 25',2,1);
INSERT INTO `clientes` (`idCliente`, `Cliente`, `idZona`, `cuentaHabilitada`) VALUES (26,'Cliente 26',10,1);
INSERT INTO `clientes` (`idCliente`, `Cliente`, `idZona`, `cuentaHabilitada`) VALUES (27,'Cliente 27',9,1);
INSERT INTO `clientes` (`idCliente`, `Cliente`, `idZona`, `cuentaHabilitada`) VALUES (28,'Cliente 28',4,1);
INSERT INTO `clientes` (`idCliente`, `Cliente`, `idZona`, `cuentaHabilitada`) VALUES (29,'Cliente 29',7,1);
INSERT INTO `clientes` (`idCliente`, `Cliente`, `idZona`, `cuentaHabilitada`) VALUES (30,'Cliente 30',1,1);
INSERT INTO `clientes` (`idCliente`, `Cliente`, `idZona`, `cuentaHabilitada`) VALUES (31,'Cliente 31',9,1);
INSERT INTO `clientes` (`idCliente`, `Cliente`, `idZona`, `cuentaHabilitada`) VALUES (32,'Cliente 32',8,1);
INSERT INTO `clientes` (`idCliente`, `Cliente`, `idZona`, `cuentaHabilitada`) VALUES (33,'Cliente 33',1,1);
INSERT INTO `clientes` (`idCliente`, `Cliente`, `idZona`, `cuentaHabilitada`) VALUES (34,'Cliente 34',9,1);
INSERT INTO `clientes` (`idCliente`, `Cliente`, `idZona`, `cuentaHabilitada`) VALUES (35,'Cliente 35',6,1);
INSERT INTO `clientes` (`idCliente`, `Cliente`, `idZona`, `cuentaHabilitada`) VALUES (36,'Cliente 36',9,1);
INSERT INTO `clientes` (`idCliente`, `Cliente`, `idZona`, `cuentaHabilitada`) VALUES (37,'Cliente 37',2,1);
INSERT INTO `clientes` (`idCliente`, `Cliente`, `idZona`, `cuentaHabilitada`) VALUES (38,'Cliente 38',8,1);
INSERT INTO `clientes` (`idCliente`, `Cliente`, `idZona`, `cuentaHabilitada`) VALUES (39,'Cliente 39',9,1);
INSERT INTO `clientes` (`idCliente`, `Cliente`, `idZona`, `cuentaHabilitada`) VALUES (40,'Cliente 40',10,1);
INSERT INTO `clientes` (`idCliente`, `Cliente`, `idZona`, `cuentaHabilitada`) VALUES (41,'Cliente 41',6,1);
INSERT INTO `clientes` (`idCliente`, `Cliente`, `idZona`, `cuentaHabilitada`) VALUES (42,'Cliente 42',2,1);
INSERT INTO `clientes` (`idCliente`, `Cliente`, `idZona`, `cuentaHabilitada`) VALUES (43,'Cliente 43',3,1);
INSERT INTO `clientes` (`idCliente`, `Cliente`, `idZona`, `cuentaHabilitada`) VALUES (44,'Cliente 44',10,1);
INSERT INTO `clientes` (`idCliente`, `Cliente`, `idZona`, `cuentaHabilitada`) VALUES (45,'Cliente 45',8,1);
INSERT INTO `clientes` (`idCliente`, `Cliente`, `idZona`, `cuentaHabilitada`) VALUES (46,'Cliente 46',1,1);
INSERT INTO `clientes` (`idCliente`, `Cliente`, `idZona`, `cuentaHabilitada`) VALUES (47,'Cliente 47',4,1);
INSERT INTO `clientes` (`idCliente`, `Cliente`, `idZona`, `cuentaHabilitada`) VALUES (48,'Cliente 48',10,1);
INSERT INTO `clientes` (`idCliente`, `Cliente`, `idZona`, `cuentaHabilitada`) VALUES (49,'Cliente 49',2,1);
INSERT INTO `clientes` (`idCliente`, `Cliente`, `idZona`, `cuentaHabilitada`) VALUES (50,'Cliente 50',9,1);
INSERT INTO `clientes` (`idCliente`, `Cliente`, `idZona`, `cuentaHabilitada`) VALUES (51,'Cliente 51',2,1);
INSERT INTO `clientes` (`idCliente`, `Cliente`, `idZona`, `cuentaHabilitada`) VALUES (52,'Cliente 52',9,1);
INSERT INTO `clientes` (`idCliente`, `Cliente`, `idZona`, `cuentaHabilitada`) VALUES (53,'Cliente 53',1,1);
INSERT INTO `clientes` (`idCliente`, `Cliente`, `idZona`, `cuentaHabilitada`) VALUES (54,'Cliente 54',6,1);
INSERT INTO `clientes` (`idCliente`, `Cliente`, `idZona`, `cuentaHabilitada`) VALUES (55,'Cliente 55',7,1);
INSERT INTO `clientes` (`idCliente`, `Cliente`, `idZona`, `cuentaHabilitada`) VALUES (56,'Cliente 56',4,1);
INSERT INTO `clientes` (`idCliente`, `Cliente`, `idZona`, `cuentaHabilitada`) VALUES (57,'Cliente 57',5,1);
INSERT INTO `clientes` (`idCliente`, `Cliente`, `idZona`, `cuentaHabilitada`) VALUES (58,'Cliente 58',9,1);
INSERT INTO `clientes` (`idCliente`, `Cliente`, `idZona`, `cuentaHabilitada`) VALUES (59,'Cliente 59',9,1);
INSERT INTO `clientes` (`idCliente`, `Cliente`, `idZona`, `cuentaHabilitada`) VALUES (60,'Cliente 60',5,1);
INSERT INTO `clientes` (`idCliente`, `Cliente`, `idZona`, `cuentaHabilitada`) VALUES (61,'Cliente 61',5,1);
INSERT INTO `clientes` (`idCliente`, `Cliente`, `idZona`, `cuentaHabilitada`) VALUES (62,'Cliente 62',5,1);
INSERT INTO `clientes` (`idCliente`, `Cliente`, `idZona`, `cuentaHabilitada`) VALUES (63,'Cliente 63',2,1);
INSERT INTO `clientes` (`idCliente`, `Cliente`, `idZona`, `cuentaHabilitada`) VALUES (64,'Cliente 64',1,1);
INSERT INTO `clientes` (`idCliente`, `Cliente`, `idZona`, `cuentaHabilitada`) VALUES (65,'Cliente 65',8,1);
INSERT INTO `clientes` (`idCliente`, `Cliente`, `idZona`, `cuentaHabilitada`) VALUES (66,'Cliente 66',7,1);
INSERT INTO `clientes` (`idCliente`, `Cliente`, `idZona`, `cuentaHabilitada`) VALUES (67,'Cliente 67',5,1);
INSERT INTO `clientes` (`idCliente`, `Cliente`, `idZona`, `cuentaHabilitada`) VALUES (68,'Cliente 68',1,1);
INSERT INTO `clientes` (`idCliente`, `Cliente`, `idZona`, `cuentaHabilitada`) VALUES (69,'Cliente 69',9,1);
INSERT INTO `clientes` (`idCliente`, `Cliente`, `idZona`, `cuentaHabilitada`) VALUES (70,'Cliente 70',4,1);
INSERT INTO `clientes` (`idCliente`, `Cliente`, `idZona`, `cuentaHabilitada`) VALUES (71,'Cliente 71',7,1);
INSERT INTO `clientes` (`idCliente`, `Cliente`, `idZona`, `cuentaHabilitada`) VALUES (72,'Cliente 72',6,1);
INSERT INTO `clientes` (`idCliente`, `Cliente`, `idZona`, `cuentaHabilitada`) VALUES (73,'Cliente 73',9,1);
INSERT INTO `clientes` (`idCliente`, `Cliente`, `idZona`, `cuentaHabilitada`) VALUES (74,'Cliente 74',10,0);
INSERT INTO `clientes` (`idCliente`, `Cliente`, `idZona`, `cuentaHabilitada`) VALUES (75,'Cliente 75',3,1);
INSERT INTO `clientes` (`idCliente`, `Cliente`, `idZona`, `cuentaHabilitada`) VALUES (76,'Cliente 76',4,1);
INSERT INTO `clientes` (`idCliente`, `Cliente`, `idZona`, `cuentaHabilitada`) VALUES (77,'Cliente 77',1,1);
INSERT INTO `clientes` (`idCliente`, `Cliente`, `idZona`, `cuentaHabilitada`) VALUES (78,'Cliente 78',4,1);
INSERT INTO `clientes` (`idCliente`, `Cliente`, `idZona`, `cuentaHabilitada`) VALUES (79,'Cliente 79',3,1);
INSERT INTO `clientes` (`idCliente`, `Cliente`, `idZona`, `cuentaHabilitada`) VALUES (80,'Cliente 80',9,0);
INSERT INTO `clientes` (`idCliente`, `Cliente`, `idZona`, `cuentaHabilitada`) VALUES (81,'Cliente 81',7,1);
INSERT INTO `clientes` (`idCliente`, `Cliente`, `idZona`, `cuentaHabilitada`) VALUES (82,'Cliente 82',1,1);
INSERT INTO `clientes` (`idCliente`, `Cliente`, `idZona`, `cuentaHabilitada`) VALUES (83,'Cliente 83',1,1);
INSERT INTO `clientes` (`idCliente`, `Cliente`, `idZona`, `cuentaHabilitada`) VALUES (84,'Cliente 84',1,1);
INSERT INTO `clientes` (`idCliente`, `Cliente`, `idZona`, `cuentaHabilitada`) VALUES (85,'Cliente 85',7,1);
INSERT INTO `clientes` (`idCliente`, `Cliente`, `idZona`, `cuentaHabilitada`) VALUES (86,'Cliente 86',1,1);
INSERT INTO `clientes` (`idCliente`, `Cliente`, `idZona`, `cuentaHabilitada`) VALUES (87,'Cliente 87',9,1);
INSERT INTO `clientes` (`idCliente`, `Cliente`, `idZona`, `cuentaHabilitada`) VALUES (88,'Cliente 88',9,1);
INSERT INTO `clientes` (`idCliente`, `Cliente`, `idZona`, `cuentaHabilitada`) VALUES (89,'Cliente 89',7,1);
INSERT INTO `clientes` (`idCliente`, `Cliente`, `idZona`, `cuentaHabilitada`) VALUES (90,'Cliente 90',6,1);
INSERT INTO `clientes` (`idCliente`, `Cliente`, `idZona`, `cuentaHabilitada`) VALUES (91,'Cliente 91',8,1);
INSERT INTO `clientes` (`idCliente`, `Cliente`, `idZona`, `cuentaHabilitada`) VALUES (92,'Cliente 92',9,1);
INSERT INTO `clientes` (`idCliente`, `Cliente`, `idZona`, `cuentaHabilitada`) VALUES (93,'Cliente 93',7,1);
INSERT INTO `clientes` (`idCliente`, `Cliente`, `idZona`, `cuentaHabilitada`) VALUES (94,'Cliente 94',5,1);
INSERT INTO `clientes` (`idCliente`, `Cliente`, `idZona`, `cuentaHabilitada`) VALUES (95,'Cliente 95',6,1);
INSERT INTO `clientes` (`idCliente`, `Cliente`, `idZona`, `cuentaHabilitada`) VALUES (96,'Cliente 96',4,1);
INSERT INTO `clientes` (`idCliente`, `Cliente`, `idZona`, `cuentaHabilitada`) VALUES (97,'Cliente 97',7,1);
INSERT INTO `clientes` (`idCliente`, `Cliente`, `idZona`, `cuentaHabilitada`) VALUES (98,'Cliente 98',10,1);
INSERT INTO `clientes` (`idCliente`, `Cliente`, `idZona`, `cuentaHabilitada`) VALUES (99,'Cliente 99',3,1);
INSERT INTO `clientes` (`idCliente`, `Cliente`, `idZona`, `cuentaHabilitada`) VALUES (100,'Cliente 100',3,1);
/*!40000 ALTER TABLE `clientes` ENABLE KEYS */;
UNLOCK TABLES;

--
-- Table structure for table `rubros`
--

DROP TABLE IF EXISTS `rubros`;
/*!40101 SET @saved_cs_client     = @@character_set_client */;
/*!40101 SET character_set_client = utf8 */;
CREATE TABLE `rubros` (
  `idRubro` int(10) unsigned NOT NULL,
  `Rubro` varchar(45) NOT NULL,
  PRIMARY KEY (`idRubro`)
) ENGINE=InnoDB DEFAULT CHARSET=latin1;
/*!40101 SET character_set_client = @saved_cs_client */;

--
-- Dumping data for table `rubros`
--

LOCK TABLES `rubros` WRITE;
/*!40000 ALTER TABLE `rubros` DISABLE KEYS */;
INSERT INTO `rubros` (`idRubro`, `Rubro`) VALUES (1,'Rubro 1');
INSERT INTO `rubros` (`idRubro`, `Rubro`) VALUES (2,'Rubro 2');
INSERT INTO `rubros` (`idRubro`, `Rubro`) VALUES (3,'Rubro 3');
INSERT INTO `rubros` (`idRubro`, `Rubro`) VALUES (4,'Rubro 4');
INSERT INTO `rubros` (`idRubro`, `Rubro`) VALUES (5,'Rubro 5');
INSERT INTO `rubros` (`idRubro`, `Rubro`) VALUES (6,'Rubro 6');
INSERT INTO `rubros` (`idRubro`, `Rubro`) VALUES (7,'Rubro 7');
INSERT INTO `rubros` (`idRubro`, `Rubro`) VALUES (8,'Rubro 8');
INSERT INTO `rubros` (`idRubro`, `Rubro`) VALUES (9,'Rubro 9');
INSERT INTO `rubros` (`idRubro`, `Rubro`) VALUES (10,'Rubro 10');
/*!40000 ALTER TABLE `rubros` ENABLE KEYS */;
UNLOCK TABLES;

--
-- Table structure for table `zonas`
--

DROP TABLE IF EXISTS `zonas`;
/*!40101 SET @saved_cs_client     = @@character_set_client */;
/*!40101 SET character_set_client = utf8 */;
CREATE TABLE `zonas` (
  `idZona` int(10) unsigned NOT NULL,
  `Zona` varchar(45) NOT NULL,
  PRIMARY KEY (`idZona`)
) ENGINE=InnoDB DEFAULT CHARSET=latin1;
/*!40101 SET character_set_client = @saved_cs_client */;

--
-- Dumping data for table `zonas`
--

LOCK TABLES `zonas` WRITE;
/*!40000 ALTER TABLE `zonas` DISABLE KEYS */;
INSERT INTO `zonas` (`idZona`, `Zona`) VALUES (1,'Zona 1');
INSERT INTO `zonas` (`idZona`, `Zona`) VALUES (2,'Zona 2');
INSERT INTO `zonas` (`idZona`, `Zona`) VALUES (3,'Zona 3');
INSERT INTO `zonas` (`idZona`, `Zona`) VALUES (4,'Zona 4');
INSERT INTO `zonas` (`idZona`, `Zona`) VALUES (5,'Zona 5');
INSERT INTO `zonas` (`idZona`, `Zona`) VALUES (6,'Zona 6');
INSERT INTO `zonas` (`idZona`, `Zona`) VALUES (7,'Zona 7');
INSERT INTO `zonas` (`idZona`, `Zona`) VALUES (8,'Zona 8');
INSERT INTO `zonas` (`idZona`, `Zona`) VALUES (9,'Zona 9');
INSERT INTO `zonas` (`idZona`, `Zona`) VALUES (10,'Zona 10');
/*!40000 ALTER TABLE `zonas` ENABLE KEYS */;
UNLOCK TABLES;

--
-- Table structure for table `productos`
--

DROP TABLE IF EXISTS `productos`;
/*!40101 SET @saved_cs_client     = @@character_set_client */;
/*!40101 SET character_set_client = utf8 */;
CREATE TABLE `productos` (
  `idProducto` int(10) unsigned NOT NULL,
  `Producto` varchar(45) NOT NULL,
  `idRubro` int(10) unsigned NOT NULL,
  `idProveedor` int(10) unsigned NOT NULL,
  `precio` float NOT NULL,
  PRIMARY KEY (`idProducto`),
  KEY `FK_productos_rubros` (`idRubro`),
  KEY `FK_productos_proveedores` (`idProveedor`),
  CONSTRAINT `FK_productos_proveedores` FOREIGN KEY (`idProveedor`) REFERENCES `proveedores` (`idProveedor`),
  CONSTRAINT `FK_productos_rubros` FOREIGN KEY (`idRubro`) REFERENCES `rubros` (`idRubro`)
) ENGINE=InnoDB DEFAULT CHARSET=latin1;
/*!40101 SET character_set_client = @saved_cs_client */;

--
-- Dumping data for table `productos`
--

LOCK TABLES `productos` WRITE;
/*!40000 ALTER TABLE `productos` DISABLE KEYS */;
INSERT INTO `productos` (`idProducto`, `Producto`, `idRubro`, `idProveedor`, `precio`) VALUES (1,'Producto 1',1,44,403.284);
INSERT INTO `productos` (`idProducto`, `Producto`, `idRubro`, `idProveedor`, `precio`) VALUES (2,'Producto 2',7,41,183.975);
INSERT INTO `productos` (`idProducto`, `Producto`, `idRubro`, `idProveedor`, `precio`) VALUES (3,'Producto 3',10,33,447.127);
INSERT INTO `productos` (`idProducto`, `Producto`, `idRubro`, `idProveedor`, `precio`) VALUES (4,'Producto 4',5,3,220.742);
INSERT INTO `productos` (`idProducto`, `Producto`, `idRubro`, `idProveedor`, `precio`) VALUES (5,'Producto 5',8,23,108.686);
INSERT INTO `productos` (`idProducto`, `Producto`, `idRubro`, `idProveedor`, `precio`) VALUES (6,'Producto 6',1,47,229.714);
INSERT INTO `productos` (`idProducto`, `Producto`, `idRubro`, `idProveedor`, `precio`) VALUES (7,'Producto 7',3,36,411.424);
INSERT INTO `productos` (`idProducto`, `Producto`, `idRubro`, `idProveedor`, `precio`) VALUES (8,'Producto 8',8,42,286.311);
INSERT INTO `productos` (`idProducto`, `Producto`, `idRubro`, `idProveedor`, `precio`) VALUES (9,'Producto 9',1,8,406.001);
INSERT INTO `productos` (`idProducto`, `Producto`, `idRubro`, `idProveedor`, `precio`) VALUES (10,'Producto 10',9,1,366.151);
INSERT INTO `productos` (`idProducto`, `Producto`, `idRubro`, `idProveedor`, `precio`) VALUES (11,'Producto 11',7,3,2.13878);
INSERT INTO `productos` (`idProducto`, `Producto`, `idRubro`, `idProveedor`, `precio`) VALUES (12,'Producto 12',6,36,345.953);
INSERT INTO `productos` (`idProducto`, `Producto`, `idRubro`, `idProveedor`, `precio`) VALUES (13,'Producto 13',3,28,203.162);
INSERT INTO `productos` (`idProducto`, `Producto`, `idRubro`, `idProveedor`, `precio`) VALUES (14,'Producto 14',2,41,159.18);
INSERT INTO `productos` (`idProducto`, `Producto`, `idRubro`, `idProveedor`, `precio`) VALUES (15,'Producto 15',10,4,480.801);
INSERT INTO `productos` (`idProducto`, `Producto`, `idRubro`, `idProveedor`, `precio`) VALUES (16,'Producto 16',9,45,1.60108);
INSERT INTO `productos` (`idProducto`, `Producto`, `idRubro`, `idProveedor`, `precio`) VALUES (17,'Producto 17',5,17,130.713);
INSERT INTO `productos` (`idProducto`, `Producto`, `idRubro`, `idProveedor`, `precio`) VALUES (18,'Producto 18',1,43,276.067);
INSERT INTO `productos` (`idProducto`, `Producto`, `idRubro`, `idProveedor`, `precio`) VALUES (19,'Producto 19',8,11,120.952);
INSERT INTO `productos` (`idProducto`, `Producto`, `idRubro`, `idProveedor`, `precio`) VALUES (20,'Producto 20',5,15,459.805);
INSERT INTO `productos` (`idProducto`, `Producto`, `idRubro`, `idProveedor`, `precio`) VALUES (21,'Producto 21',9,36,142.716);
INSERT INTO `productos` (`idProducto`, `Producto`, `idRubro`, `idProveedor`, `precio`) VALUES (22,'Producto 22',3,4,203.509);
INSERT INTO `productos` (`idProducto`, `Producto`, `idRubro`, `idProveedor`, `precio`) VALUES (23,'Producto 23',9,2,185.861);
INSERT INTO `productos` (`idProducto`, `Producto`, `idRubro`, `idProveedor`, `precio`) VALUES (24,'Producto 24',6,34,410.885);
INSERT INTO `productos` (`idProducto`, `Producto`, `idRubro`, `idProveedor`, `precio`) VALUES (25,'Producto 25',2,34,15.43);
INSERT INTO `productos` (`idProducto`, `Producto`, `idRubro`, `idProveedor`, `precio`) VALUES (26,'Producto 26',5,47,261.96);
INSERT INTO `productos` (`idProducto`, `Producto`, `idRubro`, `idProveedor`, `precio`) VALUES (27,'Producto 27',6,44,384.037);
INSERT INTO `productos` (`idProducto`, `Producto`, `idRubro`, `idProveedor`, `precio`) VALUES (28,'Producto 28',7,42,59.1357);
INSERT INTO `productos` (`idProducto`, `Producto`, `idRubro`, `idProveedor`, `precio`) VALUES (29,'Producto 29',6,11,123.924);
INSERT INTO `productos` (`idProducto`, `Producto`, `idRubro`, `idProveedor`, `precio`) VALUES (30,'Producto 30',8,39,26.3124);
INSERT INTO `productos` (`idProducto`, `Producto`, `idRubro`, `idProveedor`, `precio`) VALUES (31,'Producto 31',9,34,78.6533);
INSERT INTO `productos` (`idProducto`, `Producto`, `idRubro`, `idProveedor`, `precio`) VALUES (32,'Producto 32',3,23,387.374);
INSERT INTO `productos` (`idProducto`, `Producto`, `idRubro`, `idProveedor`, `precio`) VALUES (33,'Producto 33',10,32,68.3134);
INSERT INTO `productos` (`idProducto`, `Producto`, `idRubro`, `idProveedor`, `precio`) VALUES (34,'Producto 34',2,34,389.466);
INSERT INTO `productos` (`idProducto`, `Producto`, `idRubro`, `idProveedor`, `precio`) VALUES (35,'Producto 35',6,32,472.077);
INSERT INTO `productos` (`idProducto`, `Producto`, `idRubro`, `idProveedor`, `precio`) VALUES (36,'Producto 36',1,32,387.977);
INSERT INTO `productos` (`idProducto`, `Producto`, `idRubro`, `idProveedor`, `precio`) VALUES (37,'Producto 37',9,11,444.603);
INSERT INTO `productos` (`idProducto`, `Producto`, `idRubro`, `idProveedor`, `precio`) VALUES (38,'Producto 38',1,9,366.248);
INSERT INTO `productos` (`idProducto`, `Producto`, `idRubro`, `idProveedor`, `precio`) VALUES (39,'Producto 39',9,27,191.974);
INSERT INTO `productos` (`idProducto`, `Producto`, `idRubro`, `idProveedor`, `precio`) VALUES (40,'Producto 40',8,41,84.3435);
INSERT INTO `productos` (`idProducto`, `Producto`, `idRubro`, `idProveedor`, `precio`) VALUES (41,'Producto 41',3,20,366.173);
INSERT INTO `productos` (`idProducto`, `Producto`, `idRubro`, `idProveedor`, `precio`) VALUES (42,'Producto 42',2,16,194.656);
INSERT INTO `productos` (`idProducto`, `Producto`, `idRubro`, `idProveedor`, `precio`) VALUES (43,'Producto 43',6,9,155.053);
INSERT INTO `productos` (`idProducto`, `Producto`, `idRubro`, `idProveedor`, `precio`) VALUES (44,'Producto 44',10,23,224.657);
INSERT INTO `productos` (`idProducto`, `Producto`, `idRubro`, `idProveedor`, `precio`) VALUES (45,'Producto 45',9,48,140.823);
INSERT INTO `productos` (`idProducto`, `Producto`, `idRubro`, `idProveedor`, `precio`) VALUES (46,'Producto 46',2,41,8.40661);
INSERT INTO `productos` (`idProducto`, `Producto`, `idRubro`, `idProveedor`, `precio`) VALUES (47,'Producto 47',2,43,444.389);
INSERT INTO `productos` (`idProducto`, `Producto`, `idRubro`, `idProveedor`, `precio`) VALUES (48,'Producto 48',8,14,453.673);
INSERT INTO `productos` (`idProducto`, `Producto`, `idRubro`, `idProveedor`, `precio`) VALUES (49,'Producto 49',5,21,423.913);
INSERT INTO `productos` (`idProducto`, `Producto`, `idRubro`, `idProveedor`, `precio`) VALUES (50,'Producto 50',8,41,165.318);
INSERT INTO `productos` (`idProducto`, `Producto`, `idRubro`, `idProveedor`, `precio`) VALUES (51,'Producto 51',1,22,469.417);
INSERT INTO `productos` (`idProducto`, `Producto`, `idRubro`, `idProveedor`, `precio`) VALUES (52,'Producto 52',6,8,131.241);
INSERT INTO `productos` (`idProducto`, `Producto`, `idRubro`, `idProveedor`, `precio`) VALUES (53,'Producto 53',8,18,72.5505);
INSERT INTO `productos` (`idProducto`, `Producto`, `idRubro`, `idProveedor`, `precio`) VALUES (54,'Producto 54',6,21,350.138);
INSERT INTO `productos` (`idProducto`, `Producto`, `idRubro`, `idProveedor`, `precio`) VALUES (55,'Producto 55',7,4,92.1132);
INSERT INTO `productos` (`idProducto`, `Producto`, `idRubro`, `idProveedor`, `precio`) VALUES (56,'Producto 56',4,6,267.227);
INSERT INTO `productos` (`idProducto`, `Producto`, `idRubro`, `idProveedor`, `precio`) VALUES (57,'Producto 57',6,43,387.989);
INSERT INTO `productos` (`idProducto`, `Producto`, `idRubro`, `idProveedor`, `precio`) VALUES (58,'Producto 58',7,48,247.048);
INSERT INTO `productos` (`idProducto`, `Producto`, `idRubro`, `idProveedor`, `precio`) VALUES (59,'Producto 59',1,1,85.5959);
INSERT INTO `productos` (`idProducto`, `Producto`, `idRubro`, `idProveedor`, `precio`) VALUES (60,'Producto 60',7,24,263.497);
INSERT INTO `productos` (`idProducto`, `Producto`, `idRubro`, `idProveedor`, `precio`) VALUES (61,'Producto 61',4,15,499.368);
INSERT INTO `productos` (`idProducto`, `Producto`, `idRubro`, `idProveedor`, `precio`) VALUES (62,'Producto 62',5,19,445.211);
INSERT INTO `productos` (`idProducto`, `Producto`, `idRubro`, `idProveedor`, `precio`) VALUES (63,'Producto 63',8,8,272.387);
INSERT INTO `productos` (`idProducto`, `Producto`, `idRubro`, `idProveedor`, `precio`) VALUES (64,'Producto 64',6,40,252.666);
INSERT INTO `productos` (`idProducto`, `Producto`, `idRubro`, `idProveedor`, `precio`) VALUES (65,'Producto 65',7,38,145.69);
INSERT INTO `productos` (`idProducto`, `Producto`, `idRubro`, `idProveedor`, `precio`) VALUES (66,'Producto 66',8,48,276.401);
INSERT INTO `productos` (`idProducto`, `Producto`, `idRubro`, `idProveedor`, `precio`) VALUES (67,'Producto 67',1,13,453.827);
INSERT INTO `productos` (`idProducto`, `Producto`, `idRubro`, `idProveedor`, `precio`) VALUES (68,'Producto 68',9,39,417.389);
INSERT INTO `productos` (`idProducto`, `Producto`, `idRubro`, `idProveedor`, `precio`) VALUES (69,'Producto 69',8,14,278.469);
INSERT INTO `productos` (`idProducto`, `Producto`, `idRubro`, `idProveedor`, `precio`) VALUES (70,'Producto 70',8,33,464.976);
INSERT INTO `productos` (`idProducto`, `Producto`, `idRubro`, `idProveedor`, `precio`) VALUES (71,'Producto 71',1,8,334.719);
INSERT INTO `productos` (`idProducto`, `Producto`, `idRubro`, `idProveedor`, `precio`) VALUES (72,'Producto 72',5,20,128.043);
INSERT INTO `productos` (`idProducto`, `Producto`, `idRubro`, `idProveedor`, `precio`) VALUES (73,'Producto 73',3,47,51.8202);
INSERT INTO `productos` (`idProducto`, `Producto`, `idRubro`, `idProveedor`, `precio`) VALUES (74,'Producto 74',10,48,382.164);
INSERT INTO `productos` (`idProducto`, `Producto`, `idRubro`, `idProveedor`, `precio`) VALUES (75,'Producto 75',10,5,8.09296);
INSERT INTO `productos` (`idProducto`, `Producto`, `idRubro`, `idProveedor`, `precio`) VALUES (76,'Producto 76',1,5,134.806);
INSERT INTO `productos` (`idProducto`, `Producto`, `idRubro`, `idProveedor`, `precio`) VALUES (77,'Producto 77',3,5,450.849);
INSERT INTO `productos` (`idProducto`, `Producto`, `idRubro`, `idProveedor`, `precio`) VALUES (78,'Producto 78',6,27,202.939);
INSERT INTO `productos` (`idProducto`, `Producto`, `idRubro`, `idProveedor`, `precio`) VALUES (79,'Producto 79',6,10,238.129);
INSERT INTO `productos` (`idProducto`, `Producto`, `idRubro`, `idProveedor`, `precio`) VALUES (80,'Producto 80',10,6,392.28);
INSERT INTO `productos` (`idProducto`, `Producto`, `idRubro`, `idProveedor`, `precio`) VALUES (81,'Producto 81',10,34,113.088);
INSERT INTO `productos` (`idProducto`, `Producto`, `idRubro`, `idProveedor`, `precio`) VALUES (82,'Producto 82',7,43,19.5219);
INSERT INTO `productos` (`idProducto`, `Producto`, `idRubro`, `idProveedor`, `precio`) VALUES (83,'Producto 83',5,5,247.646);
INSERT INTO `productos` (`idProducto`, `Producto`, `idRubro`, `idProveedor`, `precio`) VALUES (84,'Producto 84',3,41,308.998);
INSERT INTO `productos` (`idProducto`, `Producto`, `idRubro`, `idProveedor`, `precio`) VALUES (85,'Producto 85',5,43,136.411);
INSERT INTO `productos` (`idProducto`, `Producto`, `idRubro`, `idProveedor`, `precio`) VALUES (86,'Producto 86',5,24,331.908);
INSERT INTO `productos` (`idProducto`, `Producto`, `idRubro`, `idProveedor`, `precio`) VALUES (87,'Producto 87',2,31,459.274);
INSERT INTO `productos` (`idProducto`, `Producto`, `idRubro`, `idProveedor`, `precio`) VALUES (88,'Producto 88',8,24,394.377);
INSERT INTO `productos` (`idProducto`, `Producto`, `idRubro`, `idProveedor`, `precio`) VALUES (89,'Producto 89',4,50,84.2762);
INSERT INTO `productos` (`idProducto`, `Producto`, `idRubro`, `idProveedor`, `precio`) VALUES (90,'Producto 90',1,34,414.66);
INSERT INTO `productos` (`idProducto`, `Producto`, `idRubro`, `idProveedor`, `precio`) VALUES (91,'Producto 91',5,36,233.383);
INSERT INTO `productos` (`idProducto`, `Producto`, `idRubro`, `idProveedor`, `precio`) VALUES (92,'Producto 92',10,29,369.948);
INSERT INTO `productos` (`idProducto`, `Producto`, `idRubro`, `idProveedor`, `precio`) VALUES (93,'Producto 93',2,21,228.405);
INSERT INTO `productos` (`idProducto`, `Producto`, `idRubro`, `idProveedor`, `precio`) VALUES (94,'Producto 94',4,47,275.617);
INSERT INTO `productos` (`idProducto`, `Producto`, `idRubro`, `idProveedor`, `precio`) VALUES (95,'Producto 95',5,6,462.071);
INSERT INTO `productos` (`idProducto`, `Producto`, `idRubro`, `idProveedor`, `precio`) VALUES (96,'Producto 96',3,49,296.938);
INSERT INTO `productos` (`idProducto`, `Producto`, `idRubro`, `idProveedor`, `precio`) VALUES (97,'Producto 97',4,23,60.9997);
INSERT INTO `productos` (`idProducto`, `Producto`, `idRubro`, `idProveedor`, `precio`) VALUES (98,'Producto 98',1,42,352.079);
INSERT INTO `productos` (`idProducto`, `Producto`, `idRubro`, `idProveedor`, `precio`) VALUES (99,'Producto 99',2,16,73.0719);
INSERT INTO `productos` (`idProducto`, `Producto`, `idRubro`, `idProveedor`, `precio`) VALUES (100,'Producto 100',8,24,224.649);
INSERT INTO `productos` (`idProducto`, `Producto`, `idRubro`, `idProveedor`, `precio`) VALUES (101,'Producto 101',9,47,63.3977);
INSERT INTO `productos` (`idProducto`, `Producto`, `idRubro`, `idProveedor`, `precio`) VALUES (102,'Producto 102',7,8,154.495);
INSERT INTO `productos` (`idProducto`, `Producto`, `idRubro`, `idProveedor`, `precio`) VALUES (103,'Producto 103',5,5,397.215);
INSERT INTO `productos` (`idProducto`, `Producto`, `idRubro`, `idProveedor`, `precio`) VALUES (104,'Producto 104',10,18,203.376);
INSERT INTO `productos` (`idProducto`, `Producto`, `idRubro`, `idProveedor`, `precio`) VALUES (105,'Producto 105',7,35,280.632);
INSERT INTO `productos` (`idProducto`, `Producto`, `idRubro`, `idProveedor`, `precio`) VALUES (106,'Producto 106',8,50,311.664);
INSERT INTO `productos` (`idProducto`, `Producto`, `idRubro`, `idProveedor`, `precio`) VALUES (107,'Producto 107',7,47,162.188);
INSERT INTO `productos` (`idProducto`, `Producto`, `idRubro`, `idProveedor`, `precio`) VALUES (108,'Producto 108',3,30,284.011);
INSERT INTO `productos` (`idProducto`, `Producto`, `idRubro`, `idProveedor`, `precio`) VALUES (109,'Producto 109',3,23,311.728);
INSERT INTO `productos` (`idProducto`, `Producto`, `idRubro`, `idProveedor`, `precio`) VALUES (110,'Producto 110',4,5,417.981);
INSERT INTO `productos` (`idProducto`, `Producto`, `idRubro`, `idProveedor`, `precio`) VALUES (111,'Producto 111',8,23,345.707);
INSERT INTO `productos` (`idProducto`, `Producto`, `idRubro`, `idProveedor`, `precio`) VALUES (112,'Producto 112',8,26,321.891);
INSERT INTO `productos` (`idProducto`, `Producto`, `idRubro`, `idProveedor`, `precio`) VALUES (113,'Producto 113',9,7,464.701);
INSERT INTO `productos` (`idProducto`, `Producto`, `idRubro`, `idProveedor`, `precio`) VALUES (114,'Producto 114',10,8,147.295);
INSERT INTO `productos` (`idProducto`, `Producto`, `idRubro`, `idProveedor`, `precio`) VALUES (115,'Producto 115',7,21,37.8551);
INSERT INTO `productos` (`idProducto`, `Producto`, `idRubro`, `idProveedor`, `precio`) VALUES (116,'Producto 116',9,19,18.8669);
INSERT INTO `productos` (`idProducto`, `Producto`, `idRubro`, `idProveedor`, `precio`) VALUES (117,'Producto 117',9,14,9.12033);
INSERT INTO `productos` (`idProducto`, `Producto`, `idRubro`, `idProveedor`, `precio`) VALUES (118,'Producto 118',9,48,385.558);
INSERT INTO `productos` (`idProducto`, `Producto`, `idRubro`, `idProveedor`, `precio`) VALUES (119,'Producto 119',10,37,28.2794);
INSERT INTO `productos` (`idProducto`, `Producto`, `idRubro`, `idProveedor`, `precio`) VALUES (120,'Producto 120',4,1,176.065);
INSERT INTO `productos` (`idProducto`, `Producto`, `idRubro`, `idProveedor`, `precio`) VALUES (121,'Producto 121',1,34,158.835);
INSERT INTO `productos` (`idProducto`, `Producto`, `idRubro`, `idProveedor`, `precio`) VALUES (122,'Producto 122',2,17,74.522);
INSERT INTO `productos` (`idProducto`, `Producto`, `idRubro`, `idProveedor`, `precio`) VALUES (123,'Producto 123',7,25,329.159);
INSERT INTO `productos` (`idProducto`, `Producto`, `idRubro`, `idProveedor`, `precio`) VALUES (124,'Producto 124',9,23,103.305);
INSERT INTO `productos` (`idProducto`, `Producto`, `idRubro`, `idProveedor`, `precio`) VALUES (125,'Producto 125',1,42,225.904);
INSERT INTO `productos` (`idProducto`, `Producto`, `idRubro`, `idProveedor`, `precio`) VALUES (126,'Producto 126',1,4,37.4037);
INSERT INTO `productos` (`idProducto`, `Producto`, `idRubro`, `idProveedor`, `precio`) VALUES (127,'Producto 127',8,9,31.339);
INSERT INTO `productos` (`idProducto`, `Producto`, `idRubro`, `idProveedor`, `precio`) VALUES (128,'Producto 128',6,21,485.67);
INSERT INTO `productos` (`idProducto`, `Producto`, `idRubro`, `idProveedor`, `precio`) VALUES (129,'Producto 129',4,48,154.059);
INSERT INTO `productos` (`idProducto`, `Producto`, `idRubro`, `idProveedor`, `precio`) VALUES (130,'Producto 130',6,50,388.611);
INSERT INTO `productos` (`idProducto`, `Producto`, `idRubro`, `idProveedor`, `precio`) VALUES (131,'Producto 131',10,16,433.819);
INSERT INTO `productos` (`idProducto`, `Producto`, `idRubro`, `idProveedor`, `precio`) VALUES (132,'Producto 132',8,42,354.296);
INSERT INTO `productos` (`idProducto`, `Producto`, `idRubro`, `idProveedor`, `precio`) VALUES (133,'Producto 133',10,22,49.0419);
INSERT INTO `productos` (`idProducto`, `Producto`, `idRubro`, `idProveedor`, `precio`) VALUES (134,'Producto 134',7,13,39.3245);
INSERT INTO `productos` (`idProducto`, `Producto`, `idRubro`, `idProveedor`, `precio`) VALUES (135,'Producto 135',1,1,235.816);
INSERT INTO `productos` (`idProducto`, `Producto`, `idRubro`, `idProveedor`, `precio`) VALUES (136,'Producto 136',4,8,488.044);
INSERT INTO `productos` (`idProducto`, `Producto`, `idRubro`, `idProveedor`, `precio`) VALUES (137,'Producto 137',4,50,208.027);
INSERT INTO `productos` (`idProducto`, `Producto`, `idRubro`, `idProveedor`, `precio`) VALUES (138,'Producto 138',7,46,448.97);
INSERT INTO `productos` (`idProducto`, `Producto`, `idRubro`, `idProveedor`, `precio`) VALUES (139,'Producto 139',9,43,144.994);
INSERT INTO `productos` (`idProducto`, `Producto`, `idRubro`, `idProveedor`, `precio`) VALUES (140,'Producto 140',10,39,272.339);
INSERT INTO `productos` (`idProducto`, `Producto`, `idRubro`, `idProveedor`, `precio`) VALUES (141,'Producto 141',7,34,117.886);
INSERT INTO `productos` (`idProducto`, `Producto`, `idRubro`, `idProveedor`, `precio`) VALUES (142,'Producto 142',7,28,101.381);
INSERT INTO `productos` (`idProducto`, `Producto`, `idRubro`, `idProveedor`, `precio`) VALUES (143,'Producto 143',3,21,242.042);
INSERT INTO `productos` (`idProducto`, `Producto`, `idRubro`, `idProveedor`, `precio`) VALUES (144,'Producto 144',10,33,62.1299);
INSERT INTO `productos` (`idProducto`, `Producto`, `idRubro`, `idProveedor`, `precio`) VALUES (145,'Producto 145',6,47,385.49);
INSERT INTO `productos` (`idProducto`, `Producto`, `idRubro`, `idProveedor`, `precio`) VALUES (146,'Producto 146',6,20,85.7603);
INSERT INTO `productos` (`idProducto`, `Producto`, `idRubro`, `idProveedor`, `precio`) VALUES (147,'Producto 147',7,35,103.704);
INSERT INTO `productos` (`idProducto`, `Producto`, `idRubro`, `idProveedor`, `precio`) VALUES (148,'Producto 148',8,19,130.603);
INSERT INTO `productos` (`idProducto`, `Producto`, `idRubro`, `idProveedor`, `precio`) VALUES (149,'Producto 149',8,31,137.376);
INSERT INTO `productos` (`idProducto`, `Producto`, `idRubro`, `idProveedor`, `precio`) VALUES (150,'Producto 150',9,11,385.366);
INSERT INTO `productos` (`idProducto`, `Producto`, `idRubro`, `idProveedor`, `precio`) VALUES (151,'Producto 151',9,32,221.536);
INSERT INTO `productos` (`idProducto`, `Producto`, `idRubro`, `idProveedor`, `precio`) VALUES (152,'Producto 152',9,29,174.02);
INSERT INTO `productos` (`idProducto`, `Producto`, `idRubro`, `idProveedor`, `precio`) VALUES (153,'Producto 153',5,18,488.075);
INSERT INTO `productos` (`idProducto`, `Producto`, `idRubro`, `idProveedor`, `precio`) VALUES (154,'Producto 154',5,40,222.223);
INSERT INTO `productos` (`idProducto`, `Producto`, `idRubro`, `idProveedor`, `precio`) VALUES (155,'Producto 155',1,3,69.1354);
INSERT INTO `productos` (`idProducto`, `Producto`, `idRubro`, `idProveedor`, `precio`) VALUES (156,'Producto 156',9,6,185.777);
INSERT INTO `productos` (`idProducto`, `Producto`, `idRubro`, `idProveedor`, `precio`) VALUES (157,'Producto 157',10,13,370.107);
INSERT INTO `productos` (`idProducto`, `Producto`, `idRubro`, `idProveedor`, `precio`) VALUES (158,'Producto 158',7,13,322.047);
INSERT INTO `productos` (`idProducto`, `Producto`, `idRubro`, `idProveedor`, `precio`) VALUES (159,'Producto 159',6,9,252.33);
INSERT INTO `productos` (`idProducto`, `Producto`, `idRubro`, `idProveedor`, `precio`) VALUES (160,'Producto 160',5,44,277.608);
INSERT INTO `productos` (`idProducto`, `Producto`, `idRubro`, `idProveedor`, `precio`) VALUES (161,'Producto 161',9,15,152.189);
INSERT INTO `productos` (`idProducto`, `Producto`, `idRubro`, `idProveedor`, `precio`) VALUES (162,'Producto 162',4,39,129.998);
INSERT INTO `productos` (`idProducto`, `Producto`, `idRubro`, `idProveedor`, `precio`) VALUES (163,'Producto 163',6,38,111.834);
INSERT INTO `productos` (`idProducto`, `Producto`, `idRubro`, `idProveedor`, `precio`) VALUES (164,'Producto 164',7,38,199.614);
INSERT INTO `productos` (`idProducto`, `Producto`, `idRubro`, `idProveedor`, `precio`) VALUES (165,'Producto 165',9,23,267.459);
INSERT INTO `productos` (`idProducto`, `Producto`, `idRubro`, `idProveedor`, `precio`) VALUES (166,'Producto 166',5,5,301.827);
INSERT INTO `productos` (`idProducto`, `Producto`, `idRubro`, `idProveedor`, `precio`) VALUES (167,'Producto 167',10,21,311.212);
INSERT INTO `productos` (`idProducto`, `Producto`, `idRubro`, `idProveedor`, `precio`) VALUES (168,'Producto 168',9,34,410.704);
INSERT INTO `productos` (`idProducto`, `Producto`, `idRubro`, `idProveedor`, `precio`) VALUES (169,'Producto 169',8,3,322.616);
INSERT INTO `productos` (`idProducto`, `Producto`, `idRubro`, `idProveedor`, `precio`) VALUES (170,'Producto 170',5,4,336.482);
INSERT INTO `productos` (`idProducto`, `Producto`, `idRubro`, `idProveedor`, `precio`) VALUES (171,'Producto 171',10,41,478.532);
INSERT INTO `productos` (`idProducto`, `Producto`, `idRubro`, `idProveedor`, `precio`) VALUES (172,'Producto 172',2,2,87.8765);
INSERT INTO `productos` (`idProducto`, `Producto`, `idRubro`, `idProveedor`, `precio`) VALUES (173,'Producto 173',6,27,498.735);
INSERT INTO `productos` (`idProducto`, `Producto`, `idRubro`, `idProveedor`, `precio`) VALUES (174,'Producto 174',6,40,350.241);
INSERT INTO `productos` (`idProducto`, `Producto`, `idRubro`, `idProveedor`, `precio`) VALUES (175,'Producto 175',7,32,227.018);
INSERT INTO `productos` (`idProducto`, `Producto`, `idRubro`, `idProveedor`, `precio`) VALUES (176,'Producto 176',10,18,382.685);
INSERT INTO `productos` (`idProducto`, `Producto`, `idRubro`, `idProveedor`, `precio`) VALUES (177,'Producto 177',6,13,447.117);
INSERT INTO `productos` (`idProducto`, `Producto`, `idRubro`, `idProveedor`, `precio`) VALUES (178,'Producto 178',9,13,368.004);
INSERT INTO `productos` (`idProducto`, `Producto`, `idRubro`, `idProveedor`, `precio`) VALUES (179,'Producto 179',1,44,493.114);
INSERT INTO `productos` (`idProducto`, `Producto`, `idRubro`, `idProveedor`, `precio`) VALUES (180,'Producto 180',8,25,143.176);
INSERT INTO `productos` (`idProducto`, `Producto`, `idRubro`, `idProveedor`, `precio`) VALUES (181,'Producto 181',1,26,290.999);
INSERT INTO `productos` (`idProducto`, `Producto`, `idRubro`, `idProveedor`, `precio`) VALUES (182,'Producto 182',8,8,4.44715);
INSERT INTO `productos` (`idProducto`, `Producto`, `idRubro`, `idProveedor`, `precio`) VALUES (183,'Producto 183',4,25,21.8372);
INSERT INTO `productos` (`idProducto`, `Producto`, `idRubro`, `idProveedor`, `precio`) VALUES (184,'Producto 184',9,17,51.5646);
INSERT INTO `productos` (`idProducto`, `Producto`, `idRubro`, `idProveedor`, `precio`) VALUES (185,'Producto 185',3,44,333.111);
INSERT INTO `productos` (`idProducto`, `Producto`, `idRubro`, `idProveedor`, `precio`) VALUES (186,'Producto 186',3,49,98.3567);
INSERT INTO `productos` (`idProducto`, `Producto`, `idRubro`, `idProveedor`, `precio`) VALUES (187,'Producto 187',2,13,475.986);
INSERT INTO `productos` (`idProducto`, `Producto`, `idRubro`, `idProveedor`, `precio`) VALUES (188,'Producto 188',8,6,400.905);
INSERT INTO `productos` (`idProducto`, `Producto`, `idRubro`, `idProveedor`, `precio`) VALUES (189,'Producto 189',5,2,81.0514);
INSERT INTO `productos` (`idProducto`, `Producto`, `idRubro`, `idProveedor`, `precio`) VALUES (190,'Producto 190',5,39,238.614);
INSERT INTO `productos` (`idProducto`, `Producto`, `idRubro`, `idProveedor`, `precio`) VALUES (191,'Producto 191',2,31,193.789);
INSERT INTO `productos` (`idProducto`, `Producto`, `idRubro`, `idProveedor`, `precio`) VALUES (192,'Producto 192',6,16,322.047);
INSERT INTO `productos` (`idProducto`, `Producto`, `idRubro`, `idProveedor`, `precio`) VALUES (193,'Producto 193',3,19,263.244);
INSERT INTO `productos` (`idProducto`, `Producto`, `idRubro`, `idProveedor`, `precio`) VALUES (194,'Producto 194',3,37,123.96);
INSERT INTO `productos` (`idProducto`, `Producto`, `idRubro`, `idProveedor`, `precio`) VALUES (195,'Producto 195',6,43,309.839);
INSERT INTO `productos` (`idProducto`, `Producto`, `idRubro`, `idProveedor`, `precio`) VALUES (196,'Producto 196',7,38,339.256);
INSERT INTO `productos` (`idProducto`, `Producto`, `idRubro`, `idProveedor`, `precio`) VALUES (197,'Producto 197',5,2,144.728);
INSERT INTO `productos` (`idProducto`, `Producto`, `idRubro`, `idProveedor`, `precio`) VALUES (198,'Producto 198',6,19,426.88);
INSERT INTO `productos` (`idProducto`, `Producto`, `idRubro`, `idProveedor`, `precio`) VALUES (199,'Producto 199',5,21,122.718);
INSERT INTO `productos` (`idProducto`, `Producto`, `idRubro`, `idProveedor`, `precio`) VALUES (200,'Producto 200',6,5,129.933);
INSERT INTO `productos` (`idProducto`, `Producto`, `idRubro`, `idProveedor`, `precio`) VALUES (201,'Producto 201',6,29,77.4128);
INSERT INTO `productos` (`idProducto`, `Producto`, `idRubro`, `idProveedor`, `precio`) VALUES (202,'Producto 202',5,6,204.709);
INSERT INTO `productos` (`idProducto`, `Producto`, `idRubro`, `idProveedor`, `precio`) VALUES (203,'Producto 203',2,45,380.567);
INSERT INTO `productos` (`idProducto`, `Producto`, `idRubro`, `idProveedor`, `precio`) VALUES (204,'Producto 204',2,18,229.039);
INSERT INTO `productos` (`idProducto`, `Producto`, `idRubro`, `idProveedor`, `precio`) VALUES (205,'Producto 205',7,30,464.483);
INSERT INTO `productos` (`idProducto`, `Producto`, `idRubro`, `idProveedor`, `precio`) VALUES (206,'Producto 206',3,27,423.279);
INSERT INTO `productos` (`idProducto`, `Producto`, `idRubro`, `idProveedor`, `precio`) VALUES (207,'Producto 207',2,34,389.957);
INSERT INTO `productos` (`idProducto`, `Producto`, `idRubro`, `idProveedor`, `precio`) VALUES (208,'Producto 208',1,9,271.964);
INSERT INTO `productos` (`idProducto`, `Producto`, `idRubro`, `idProveedor`, `precio`) VALUES (209,'Producto 209',1,26,49.5669);
INSERT INTO `productos` (`idProducto`, `Producto`, `idRubro`, `idProveedor`, `precio`) VALUES (210,'Producto 210',2,42,423.278);
INSERT INTO `productos` (`idProducto`, `Producto`, `idRubro`, `idProveedor`, `precio`) VALUES (211,'Producto 211',7,6,267.842);
INSERT INTO `productos` (`idProducto`, `Producto`, `idRubro`, `idProveedor`, `precio`) VALUES (212,'Producto 212',1,32,84.7679);
INSERT INTO `productos` (`idProducto`, `Producto`, `idRubro`, `idProveedor`, `precio`) VALUES (213,'Producto 213',2,10,234.922);
INSERT INTO `productos` (`idProducto`, `Producto`, `idRubro`, `idProveedor`, `precio`) VALUES (214,'Producto 214',7,21,497.8);
INSERT INTO `productos` (`idProducto`, `Producto`, `idRubro`, `idProveedor`, `precio`) VALUES (215,'Producto 215',4,23,457.03);
INSERT INTO `productos` (`idProducto`, `Producto`, `idRubro`, `idProveedor`, `precio`) VALUES (216,'Producto 216',7,39,114.964);
INSERT INTO `productos` (`idProducto`, `Producto`, `idRubro`, `idProveedor`, `precio`) VALUES (217,'Producto 217',10,14,25.3462);
INSERT INTO `productos` (`idProducto`, `Producto`, `idRubro`, `idProveedor`, `precio`) VALUES (218,'Producto 218',1,25,359.414);
INSERT INTO `productos` (`idProducto`, `Producto`, `idRubro`, `idProveedor`, `precio`) VALUES (219,'Producto 219',4,19,165.603);
INSERT INTO `productos` (`idProducto`, `Producto`, `idRubro`, `idProveedor`, `precio`) VALUES (220,'Producto 220',6,31,277.247);
INSERT INTO `productos` (`idProducto`, `Producto`, `idRubro`, `idProveedor`, `precio`) VALUES (221,'Producto 221',8,37,21.7541);
INSERT INTO `productos` (`idProducto`, `Producto`, `idRubro`, `idProveedor`, `precio`) VALUES (222,'Producto 222',9,46,475.5);
INSERT INTO `productos` (`idProducto`, `Producto`, `idRubro`, `idProveedor`, `precio`) VALUES (223,'Producto 223',4,7,238.926);
INSERT INTO `productos` (`idProducto`, `Producto`, `idRubro`, `idProveedor`, `precio`) VALUES (224,'Producto 224',4,48,288.861);
INSERT INTO `productos` (`idProducto`, `Producto`, `idRubro`, `idProveedor`, `precio`) VALUES (225,'Producto 225',4,14,397.378);
INSERT INTO `productos` (`idProducto`, `Producto`, `idRubro`, `idProveedor`, `precio`) VALUES (226,'Producto 226',8,18,183.517);
INSERT INTO `productos` (`idProducto`, `Producto`, `idRubro`, `idProveedor`, `precio`) VALUES (227,'Producto 227',5,15,157.455);
INSERT INTO `productos` (`idProducto`, `Producto`, `idRubro`, `idProveedor`, `precio`) VALUES (228,'Producto 228',7,6,8.62457);
INSERT INTO `productos` (`idProducto`, `Producto`, `idRubro`, `idProveedor`, `precio`) VALUES (229,'Producto 229',3,35,233.323);
INSERT INTO `productos` (`idProducto`, `Producto`, `idRubro`, `idProveedor`, `precio`) VALUES (230,'Producto 230',9,34,49.3041);
INSERT INTO `productos` (`idProducto`, `Producto`, `idRubro`, `idProveedor`, `precio`) VALUES (231,'Producto 231',5,47,260.315);
INSERT INTO `productos` (`idProducto`, `Producto`, `idRubro`, `idProveedor`, `precio`) VALUES (232,'Producto 232',4,4,141.954);
INSERT INTO `productos` (`idProducto`, `Producto`, `idRubro`, `idProveedor`, `precio`) VALUES (233,'Producto 233',8,32,136.796);
INSERT INTO `productos` (`idProducto`, `Producto`, `idRubro`, `idProveedor`, `precio`) VALUES (234,'Producto 234',6,43,213.534);
INSERT INTO `productos` (`idProducto`, `Producto`, `idRubro`, `idProveedor`, `precio`) VALUES (235,'Producto 235',8,24,81.7443);
INSERT INTO `productos` (`idProducto`, `Producto`, `idRubro`, `idProveedor`, `precio`) VALUES (236,'Producto 236',10,20,454.64);
INSERT INTO `productos` (`idProducto`, `Producto`, `idRubro`, `idProveedor`, `precio`) VALUES (237,'Producto 237',7,33,167.689);
INSERT INTO `productos` (`idProducto`, `Producto`, `idRubro`, `idProveedor`, `precio`) VALUES (238,'Producto 238',1,37,365.935);
INSERT INTO `productos` (`idProducto`, `Producto`, `idRubro`, `idProveedor`, `precio`) VALUES (239,'Producto 239',9,47,197.853);
INSERT INTO `productos` (`idProducto`, `Producto`, `idRubro`, `idProveedor`, `precio`) VALUES (240,'Producto 240',6,30,318.504);
INSERT INTO `productos` (`idProducto`, `Producto`, `idRubro`, `idProveedor`, `precio`) VALUES (241,'Producto 241',1,44,198.299);
INSERT INTO `productos` (`idProducto`, `Producto`, `idRubro`, `idProveedor`, `precio`) VALUES (242,'Producto 242',6,37,94.9513);
INSERT INTO `productos` (`idProducto`, `Producto`, `idRubro`, `idProveedor`, `precio`) VALUES (243,'Producto 243',5,43,350.8);
INSERT INTO `productos` (`idProducto`, `Producto`, `idRubro`, `idProveedor`, `precio`) VALUES (244,'Producto 244',7,6,42.5293);
INSERT INTO `productos` (`idProducto`, `Producto`, `idRubro`, `idProveedor`, `precio`) VALUES (245,'Producto 245',2,40,26.9357);
INSERT INTO `productos` (`idProducto`, `Producto`, `idRubro`, `idProveedor`, `precio`) VALUES (246,'Producto 246',8,31,123.107);
INSERT INTO `productos` (`idProducto`, `Producto`, `idRubro`, `idProveedor`, `precio`) VALUES (247,'Producto 247',9,39,227.429);
INSERT INTO `productos` (`idProducto`, `Producto`, `idRubro`, `idProveedor`, `precio`) VALUES (248,'Producto 248',1,1,484.515);
INSERT INTO `productos` (`idProducto`, `Producto`, `idRubro`, `idProveedor`, `precio`) VALUES (249,'Producto 249',7,37,281.813);
INSERT INTO `productos` (`idProducto`, `Producto`, `idRubro`, `idProveedor`, `precio`) VALUES (250,'Producto 250',8,33,385.422);
INSERT INTO `productos` (`idProducto`, `Producto`, `idRubro`, `idProveedor`, `precio`) VALUES (251,'Producto 251',9,34,221.605);
INSERT INTO `productos` (`idProducto`, `Producto`, `idRubro`, `idProveedor`, `precio`) VALUES (252,'Producto 252',6,33,395.821);
INSERT INTO `productos` (`idProducto`, `Producto`, `idRubro`, `idProveedor`, `precio`) VALUES (253,'Producto 253',6,47,431.142);
INSERT INTO `productos` (`idProducto`, `Producto`, `idRubro`, `idProveedor`, `precio`) VALUES (254,'Producto 254',6,20,498.908);
INSERT INTO `productos` (`idProducto`, `Producto`, `idRubro`, `idProveedor`, `precio`) VALUES (255,'Producto 255',5,18,239.009);
INSERT INTO `productos` (`idProducto`, `Producto`, `idRubro`, `idProveedor`, `precio`) VALUES (256,'Producto 256',8,30,316.287);
INSERT INTO `productos` (`idProducto`, `Producto`, `idRubro`, `idProveedor`, `precio`) VALUES (257,'Producto 257',1,42,12.5779);
INSERT INTO `productos` (`idProducto`, `Producto`, `idRubro`, `idProveedor`, `precio`) VALUES (258,'Producto 258',9,2,468.316);
INSERT INTO `productos` (`idProducto`, `Producto`, `idRubro`, `idProveedor`, `precio`) VALUES (259,'Producto 259',3,15,119.901);
INSERT INTO `productos` (`idProducto`, `Producto`, `idRubro`, `idProveedor`, `precio`) VALUES (260,'Producto 260',10,16,184.992);
INSERT INTO `productos` (`idProducto`, `Producto`, `idRubro`, `idProveedor`, `precio`) VALUES (261,'Producto 261',3,38,77.2234);
INSERT INTO `productos` (`idProducto`, `Producto`, `idRubro`, `idProveedor`, `precio`) VALUES (262,'Producto 262',6,46,425.029);
INSERT INTO `productos` (`idProducto`, `Producto`, `idRubro`, `idProveedor`, `precio`) VALUES (263,'Producto 263',7,1,90.44);
INSERT INTO `productos` (`idProducto`, `Producto`, `idRubro`, `idProveedor`, `precio`) VALUES (264,'Producto 264',7,5,15.1017);
INSERT INTO `productos` (`idProducto`, `Producto`, `idRubro`, `idProveedor`, `precio`) VALUES (265,'Producto 265',7,41,257.223);
INSERT INTO `productos` (`idProducto`, `Producto`, `idRubro`, `idProveedor`, `precio`) VALUES (266,'Producto 266',6,18,317.228);
INSERT INTO `productos` (`idProducto`, `Producto`, `idRubro`, `idProveedor`, `precio`) VALUES (267,'Producto 267',9,5,273.474);
INSERT INTO `productos` (`idProducto`, `Producto`, `idRubro`, `idProveedor`, `precio`) VALUES (268,'Producto 268',10,48,155.699);
INSERT INTO `productos` (`idProducto`, `Producto`, `idRubro`, `idProveedor`, `precio`) VALUES (269,'Producto 269',10,42,296.569);
INSERT INTO `productos` (`idProducto`, `Producto`, `idRubro`, `idProveedor`, `precio`) VALUES (270,'Producto 270',3,6,267.237);
INSERT INTO `productos` (`idProducto`, `Producto`, `idRubro`, `idProveedor`, `precio`) VALUES (271,'Producto 271',4,27,204.341);
INSERT INTO `productos` (`idProducto`, `Producto`, `idRubro`, `idProveedor`, `precio`) VALUES (272,'Producto 272',4,23,229.126);
INSERT INTO `productos` (`idProducto`, `Producto`, `idRubro`, `idProveedor`, `precio`) VALUES (273,'Producto 273',5,43,418.144);
INSERT INTO `productos` (`idProducto`, `Producto`, `idRubro`, `idProveedor`, `precio`) VALUES (274,'Producto 274',1,49,285.218);
INSERT INTO `productos` (`idProducto`, `Producto`, `idRubro`, `idProveedor`, `precio`) VALUES (275,'Producto 275',10,1,11.1259);
INSERT INTO `productos` (`idProducto`, `Producto`, `idRubro`, `idProveedor`, `precio`) VALUES (276,'Producto 276',4,8,316.076);
INSERT INTO `productos` (`idProducto`, `Producto`, `idRubro`, `idProveedor`, `precio`) VALUES (277,'Producto 277',1,36,440.179);
INSERT INTO `productos` (`idProducto`, `Producto`, `idRubro`, `idProveedor`, `precio`) VALUES (278,'Producto 278',6,8,165.277);
INSERT INTO `productos` (`idProducto`, `Producto`, `idRubro`, `idProveedor`, `precio`) VALUES (279,'Producto 279',6,24,439.978);
INSERT INTO `productos` (`idProducto`, `Producto`, `idRubro`, `idProveedor`, `precio`) VALUES (280,'Producto 280',1,18,390.395);
INSERT INTO `productos` (`idProducto`, `Producto`, `idRubro`, `idProveedor`, `precio`) VALUES (281,'Producto 281',9,41,148.257);
INSERT INTO `productos` (`idProducto`, `Producto`, `idRubro`, `idProveedor`, `precio`) VALUES (282,'Producto 282',7,26,203.338);
INSERT INTO `productos` (`idProducto`, `Producto`, `idRubro`, `idProveedor`, `precio`) VALUES (283,'Producto 283',9,7,212.601);
INSERT INTO `productos` (`idProducto`, `Producto`, `idRubro`, `idProveedor`, `precio`) VALUES (284,'Producto 284',8,37,329.293);
INSERT INTO `productos` (`idProducto`, `Producto`, `idRubro`, `idProveedor`, `precio`) VALUES (285,'Producto 285',4,14,80.7334);
INSERT INTO `productos` (`idProducto`, `Producto`, `idRubro`, `idProveedor`, `precio`) VALUES (286,'Producto 286',10,9,367.091);
INSERT INTO `productos` (`idProducto`, `Producto`, `idRubro`, `idProveedor`, `precio`) VALUES (287,'Producto 287',10,46,286.727);
INSERT INTO `productos` (`idProducto`, `Producto`, `idRubro`, `idProveedor`, `precio`) VALUES (288,'Producto 288',7,16,88.4575);
INSERT INTO `productos` (`idProducto`, `Producto`, `idRubro`, `idProveedor`, `precio`) VALUES (289,'Producto 289',3,26,80.9317);
INSERT INTO `productos` (`idProducto`, `Producto`, `idRubro`, `idProveedor`, `precio`) VALUES (290,'Producto 290',6,16,195.712);
INSERT INTO `productos` (`idProducto`, `Producto`, `idRubro`, `idProveedor`, `precio`) VALUES (291,'Producto 291',4,1,42.4418);
INSERT INTO `productos` (`idProducto`, `Producto`, `idRubro`, `idProveedor`, `precio`) VALUES (292,'Producto 292',5,27,310.38);
INSERT INTO `productos` (`idProducto`, `Producto`, `idRubro`, `idProveedor`, `precio`) VALUES (293,'Producto 293',4,47,193.79);
INSERT INTO `productos` (`idProducto`, `Producto`, `idRubro`, `idProveedor`, `precio`) VALUES (294,'Producto 294',3,10,39.0199);
INSERT INTO `productos` (`idProducto`, `Producto`, `idRubro`, `idProveedor`, `precio`) VALUES (295,'Producto 295',3,26,57.5262);
INSERT INTO `productos` (`idProducto`, `Producto`, `idRubro`, `idProveedor`, `precio`) VALUES (296,'Producto 296',2,11,243.043);
INSERT INTO `productos` (`idProducto`, `Producto`, `idRubro`, `idProveedor`, `precio`) VALUES (297,'Producto 297',6,30,286.687);
INSERT INTO `productos` (`idProducto`, `Producto`, `idRubro`, `idProveedor`, `precio`) VALUES (298,'Producto 298',2,6,254.219);
INSERT INTO `productos` (`idProducto`, `Producto`, `idRubro`, `idProveedor`, `precio`) VALUES (299,'Producto 299',6,13,183.561);
INSERT INTO `productos` (`idProducto`, `Producto`, `idRubro`, `idProveedor`, `precio`) VALUES (300,'Producto 300',4,36,349.011);
INSERT INTO `productos` (`idProducto`, `Producto`, `idRubro`, `idProveedor`, `precio`) VALUES (301,'Producto 301',7,30,96.0501);
INSERT INTO `productos` (`idProducto`, `Producto`, `idRubro`, `idProveedor`, `precio`) VALUES (302,'Producto 302',6,1,140.406);
INSERT INTO `productos` (`idProducto`, `Producto`, `idRubro`, `idProveedor`, `precio`) VALUES (303,'Producto 303',7,24,390.434);
INSERT INTO `productos` (`idProducto`, `Producto`, `idRubro`, `idProveedor`, `precio`) VALUES (304,'Producto 304',10,35,463.843);
INSERT INTO `productos` (`idProducto`, `Producto`, `idRubro`, `idProveedor`, `precio`) VALUES (305,'Producto 305',10,16,282.955);
INSERT INTO `productos` (`idProducto`, `Producto`, `idRubro`, `idProveedor`, `precio`) VALUES (306,'Producto 306',2,24,231.55);
INSERT INTO `productos` (`idProducto`, `Producto`, `idRubro`, `idProveedor`, `precio`) VALUES (307,'Producto 307',1,19,460.007);
INSERT INTO `productos` (`idProducto`, `Producto`, `idRubro`, `idProveedor`, `precio`) VALUES (308,'Producto 308',8,34,198.742);
INSERT INTO `productos` (`idProducto`, `Producto`, `idRubro`, `idProveedor`, `precio`) VALUES (309,'Producto 309',7,24,17.3858);
INSERT INTO `productos` (`idProducto`, `Producto`, `idRubro`, `idProveedor`, `precio`) VALUES (310,'Producto 310',10,4,107.751);
INSERT INTO `productos` (`idProducto`, `Producto`, `idRubro`, `idProveedor`, `precio`) VALUES (311,'Producto 311',9,47,485.171);
INSERT INTO `productos` (`idProducto`, `Producto`, `idRubro`, `idProveedor`, `precio`) VALUES (312,'Producto 312',4,4,88.2543);
INSERT INTO `productos` (`idProducto`, `Producto`, `idRubro`, `idProveedor`, `precio`) VALUES (313,'Producto 313',7,5,56.976);
INSERT INTO `productos` (`idProducto`, `Producto`, `idRubro`, `idProveedor`, `precio`) VALUES (314,'Producto 314',1,23,40.1905);
INSERT INTO `productos` (`idProducto`, `Producto`, `idRubro`, `idProveedor`, `precio`) VALUES (315,'Producto 315',2,27,322.191);
INSERT INTO `productos` (`idProducto`, `Producto`, `idRubro`, `idProveedor`, `precio`) VALUES (316,'Producto 316',9,33,198.912);
INSERT INTO `productos` (`idProducto`, `Producto`, `idRubro`, `idProveedor`, `precio`) VALUES (317,'Producto 317',5,37,346.066);
INSERT INTO `productos` (`idProducto`, `Producto`, `idRubro`, `idProveedor`, `precio`) VALUES (318,'Producto 318',10,14,174.332);
INSERT INTO `productos` (`idProducto`, `Producto`, `idRubro`, `idProveedor`, `precio`) VALUES (319,'Producto 319',6,41,117.282);
INSERT INTO `productos` (`idProducto`, `Producto`, `idRubro`, `idProveedor`, `precio`) VALUES (320,'Producto 320',9,11,33.681);
INSERT INTO `productos` (`idProducto`, `Producto`, `idRubro`, `idProveedor`, `precio`) VALUES (321,'Producto 321',3,22,189.656);
INSERT INTO `productos` (`idProducto`, `Producto`, `idRubro`, `idProveedor`, `precio`) VALUES (322,'Producto 322',10,19,468.595);
INSERT INTO `productos` (`idProducto`, `Producto`, `idRubro`, `idProveedor`, `precio`) VALUES (323,'Producto 323',2,8,313.579);
INSERT INTO `productos` (`idProducto`, `Producto`, `idRubro`, `idProveedor`, `precio`) VALUES (324,'Producto 324',9,35,129.184);
INSERT INTO `productos` (`idProducto`, `Producto`, `idRubro`, `idProveedor`, `precio`) VALUES (325,'Producto 325',1,12,188.377);
INSERT INTO `productos` (`idProducto`, `Producto`, `idRubro`, `idProveedor`, `precio`) VALUES (326,'Producto 326',8,36,317.952);
INSERT INTO `productos` (`idProducto`, `Producto`, `idRubro`, `idProveedor`, `precio`) VALUES (327,'Producto 327',8,45,118.293);
INSERT INTO `productos` (`idProducto`, `Producto`, `idRubro`, `idProveedor`, `precio`) VALUES (328,'Producto 328',7,45,230.748);
INSERT INTO `productos` (`idProducto`, `Producto`, `idRubro`, `idProveedor`, `precio`) VALUES (329,'Producto 329',4,1,290.936);
INSERT INTO `productos` (`idProducto`, `Producto`, `idRubro`, `idProveedor`, `precio`) VALUES (330,'Producto 330',10,35,160.608);
INSERT INTO `productos` (`idProducto`, `Producto`, `idRubro`, `idProveedor`, `precio`) VALUES (331,'Producto 331',3,27,267.596);
INSERT INTO `productos` (`idProducto`, `Producto`, `idRubro`, `idProveedor`, `precio`) VALUES (332,'Producto 332',3,7,306.452);
INSERT INTO `productos` (`idProducto`, `Producto`, `idRubro`, `idProveedor`, `precio`) VALUES (333,'Producto 333',9,17,4.5769);
INSERT INTO `productos` (`idProducto`, `Producto`, `idRubro`, `idProveedor`, `precio`) VALUES (334,'Producto 334',2,26,427.223);
INSERT INTO `productos` (`idProducto`, `Producto`, `idRubro`, `idProveedor`, `precio`) VALUES (335,'Producto 335',4,5,126.992);
INSERT INTO `productos` (`idProducto`, `Producto`, `idRubro`, `idProveedor`, `precio`) VALUES (336,'Producto 336',5,20,3.51854);
INSERT INTO `productos` (`idProducto`, `Producto`, `idRubro`, `idProveedor`, `precio`) VALUES (337,'Producto 337',3,36,72.0046);
INSERT INTO `productos` (`idProducto`, `Producto`, `idRubro`, `idProveedor`, `precio`) VALUES (338,'Producto 338',10,31,396.902);
INSERT INTO `productos` (`idProducto`, `Producto`, `idRubro`, `idProveedor`, `precio`) VALUES (339,'Producto 339',6,21,88.2501);
INSERT INTO `productos` (`idProducto`, `Producto`, `idRubro`, `idProveedor`, `precio`) VALUES (340,'Producto 340',6,16,376.579);
INSERT INTO `productos` (`idProducto`, `Producto`, `idRubro`, `idProveedor`, `precio`) VALUES (341,'Producto 341',6,29,233.875);
INSERT INTO `productos` (`idProducto`, `Producto`, `idRubro`, `idProveedor`, `precio`) VALUES (342,'Producto 342',6,5,413.543);
INSERT INTO `productos` (`idProducto`, `Producto`, `idRubro`, `idProveedor`, `precio`) VALUES (343,'Producto 343',9,50,26.713);
INSERT INTO `productos` (`idProducto`, `Producto`, `idRubro`, `idProveedor`, `precio`) VALUES (344,'Producto 344',1,19,404.562);
INSERT INTO `productos` (`idProducto`, `Producto`, `idRubro`, `idProveedor`, `precio`) VALUES (345,'Producto 345',8,38,19.405);
INSERT INTO `productos` (`idProducto`, `Producto`, `idRubro`, `idProveedor`, `precio`) VALUES (346,'Producto 346',4,37,499.97);
INSERT INTO `productos` (`idProducto`, `Producto`, `idRubro`, `idProveedor`, `precio`) VALUES (347,'Producto 347',9,35,110.735);
INSERT INTO `productos` (`idProducto`, `Producto`, `idRubro`, `idProveedor`, `precio`) VALUES (348,'Producto 348',10,31,360.201);
INSERT INTO `productos` (`idProducto`, `Producto`, `idRubro`, `idProveedor`, `precio`) VALUES (349,'Producto 349',5,10,420.881);
INSERT INTO `productos` (`idProducto`, `Producto`, `idRubro`, `idProveedor`, `precio`) VALUES (350,'Producto 350',2,4,118.681);
INSERT INTO `productos` (`idProducto`, `Producto`, `idRubro`, `idProveedor`, `precio`) VALUES (351,'Producto 351',5,45,131.25);
INSERT INTO `productos` (`idProducto`, `Producto`, `idRubro`, `idProveedor`, `precio`) VALUES (352,'Producto 352',10,29,152.476);
INSERT INTO `productos` (`idProducto`, `Producto`, `idRubro`, `idProveedor`, `precio`) VALUES (353,'Producto 353',6,34,257.868);
INSERT INTO `productos` (`idProducto`, `Producto`, `idRubro`, `idProveedor`, `precio`) VALUES (354,'Producto 354',6,40,241.97);
INSERT INTO `productos` (`idProducto`, `Producto`, `idRubro`, `idProveedor`, `precio`) VALUES (355,'Producto 355',2,34,159.004);
INSERT INTO `productos` (`idProducto`, `Producto`, `idRubro`, `idProveedor`, `precio`) VALUES (356,'Producto 356',10,21,153.553);
INSERT INTO `productos` (`idProducto`, `Producto`, `idRubro`, `idProveedor`, `precio`) VALUES (357,'Producto 357',6,3,486.705);
INSERT INTO `productos` (`idProducto`, `Producto`, `idRubro`, `idProveedor`, `precio`) VALUES (358,'Producto 358',4,8,489.629);
INSERT INTO `productos` (`idProducto`, `Producto`, `idRubro`, `idProveedor`, `precio`) VALUES (359,'Producto 359',5,19,296.785);
INSERT INTO `productos` (`idProducto`, `Producto`, `idRubro`, `idProveedor`, `precio`) VALUES (360,'Producto 360',6,11,397.209);
INSERT INTO `productos` (`idProducto`, `Producto`, `idRubro`, `idProveedor`, `precio`) VALUES (361,'Producto 361',7,26,305.428);
INSERT INTO `productos` (`idProducto`, `Producto`, `idRubro`, `idProveedor`, `precio`) VALUES (362,'Producto 362',9,28,310.436);
INSERT INTO `productos` (`idProducto`, `Producto`, `idRubro`, `idProveedor`, `precio`) VALUES (363,'Producto 363',7,5,35.0804);
INSERT INTO `productos` (`idProducto`, `Producto`, `idRubro`, `idProveedor`, `precio`) VALUES (364,'Producto 364',1,33,297.052);
INSERT INTO `productos` (`idProducto`, `Producto`, `idRubro`, `idProveedor`, `precio`) VALUES (365,'Producto 365',3,42,423.668);
INSERT INTO `productos` (`idProducto`, `Producto`, `idRubro`, `idProveedor`, `precio`) VALUES (366,'Producto 366',10,33,132.13);
INSERT INTO `productos` (`idProducto`, `Producto`, `idRubro`, `idProveedor`, `precio`) VALUES (367,'Producto 367',9,37,257.955);
INSERT INTO `productos` (`idProducto`, `Producto`, `idRubro`, `idProveedor`, `precio`) VALUES (368,'Producto 368',1,43,230.271);
INSERT INTO `productos` (`idProducto`, `Producto`, `idRubro`, `idProveedor`, `precio`) VALUES (369,'Producto 369',9,23,54.1372);
INSERT INTO `productos` (`idProducto`, `Producto`, `idRubro`, `idProveedor`, `precio`) VALUES (370,'Producto 370',8,7,494.661);
INSERT INTO `productos` (`idProducto`, `Producto`, `idRubro`, `idProveedor`, `precio`) VALUES (371,'Producto 371',9,11,307.601);
INSERT INTO `productos` (`idProducto`, `Producto`, `idRubro`, `idProveedor`, `precio`) VALUES (372,'Producto 372',6,30,462.111);
INSERT INTO `productos` (`idProducto`, `Producto`, `idRubro`, `idProveedor`, `precio`) VALUES (373,'Producto 373',3,43,306.297);
INSERT INTO `productos` (`idProducto`, `Producto`, `idRubro`, `idProveedor`, `precio`) VALUES (374,'Producto 374',4,9,441.041);
INSERT INTO `productos` (`idProducto`, `Producto`, `idRubro`, `idProveedor`, `precio`) VALUES (375,'Producto 375',3,5,117.937);
INSERT INTO `productos` (`idProducto`, `Producto`, `idRubro`, `idProveedor`, `precio`) VALUES (376,'Producto 376',6,41,410.699);
INSERT INTO `productos` (`idProducto`, `Producto`, `idRubro`, `idProveedor`, `precio`) VALUES (377,'Producto 377',5,39,438.455);
INSERT INTO `productos` (`idProducto`, `Producto`, `idRubro`, `idProveedor`, `precio`) VALUES (378,'Producto 378',2,21,370.271);
INSERT INTO `productos` (`idProducto`, `Producto`, `idRubro`, `idProveedor`, `precio`) VALUES (379,'Producto 379',1,48,395.851);
INSERT INTO `productos` (`idProducto`, `Producto`, `idRubro`, `idProveedor`, `precio`) VALUES (380,'Producto 380',5,20,215.397);
INSERT INTO `productos` (`idProducto`, `Producto`, `idRubro`, `idProveedor`, `precio`) VALUES (381,'Producto 381',7,10,141.05);
INSERT INTO `productos` (`idProducto`, `Producto`, `idRubro`, `idProveedor`, `precio`) VALUES (382,'Producto 382',6,39,195.442);
INSERT INTO `productos` (`idProducto`, `Producto`, `idRubro`, `idProveedor`, `precio`) VALUES (383,'Producto 383',7,37,47.1798);
INSERT INTO `productos` (`idProducto`, `Producto`, `idRubro`, `idProveedor`, `precio`) VALUES (384,'Producto 384',6,8,467.353);
INSERT INTO `productos` (`idProducto`, `Producto`, `idRubro`, `idProveedor`, `precio`) VALUES (385,'Producto 385',1,45,382.114);
INSERT INTO `productos` (`idProducto`, `Producto`, `idRubro`, `idProveedor`, `precio`) VALUES (386,'Producto 386',5,24,398.286);
INSERT INTO `productos` (`idProducto`, `Producto`, `idRubro`, `idProveedor`, `precio`) VALUES (387,'Producto 387',4,2,52.2872);
INSERT INTO `productos` (`idProducto`, `Producto`, `idRubro`, `idProveedor`, `precio`) VALUES (388,'Producto 388',10,27,257.507);
INSERT INTO `productos` (`idProducto`, `Producto`, `idRubro`, `idProveedor`, `precio`) VALUES (389,'Producto 389',7,23,199.974);
INSERT INTO `productos` (`idProducto`, `Producto`, `idRubro`, `idProveedor`, `precio`) VALUES (390,'Producto 390',7,4,52.1608);
INSERT INTO `productos` (`idProducto`, `Producto`, `idRubro`, `idProveedor`, `precio`) VALUES (391,'Producto 391',2,16,366.164);
INSERT INTO `productos` (`idProducto`, `Producto`, `idRubro`, `idProveedor`, `precio`) VALUES (392,'Producto 392',5,13,410.908);
INSERT INTO `productos` (`idProducto`, `Producto`, `idRubro`, `idProveedor`, `precio`) VALUES (393,'Producto 393',7,4,212.047);
INSERT INTO `productos` (`idProducto`, `Producto`, `idRubro`, `idProveedor`, `precio`) VALUES (394,'Producto 394',8,1,481.699);
INSERT INTO `productos` (`idProducto`, `Producto`, `idRubro`, `idProveedor`, `precio`) VALUES (395,'Producto 395',4,13,491.317);
INSERT INTO `productos` (`idProducto`, `Producto`, `idRubro`, `idProveedor`, `precio`) VALUES (396,'Producto 396',8,6,461.8);
INSERT INTO `productos` (`idProducto`, `Producto`, `idRubro`, `idProveedor`, `precio`) VALUES (397,'Producto 397',6,21,113.221);
INSERT INTO `productos` (`idProducto`, `Producto`, `idRubro`, `idProveedor`, `precio`) VALUES (398,'Producto 398',6,8,71.1);
INSERT INTO `productos` (`idProducto`, `Producto`, `idRubro`, `idProveedor`, `precio`) VALUES (399,'Producto 399',3,37,318.319);
INSERT INTO `productos` (`idProducto`, `Producto`, `idRubro`, `idProveedor`, `precio`) VALUES (400,'Producto 400',4,10,449.635);
INSERT INTO `productos` (`idProducto`, `Producto`, `idRubro`, `idProveedor`, `precio`) VALUES (401,'Producto 401',5,32,395.667);
INSERT INTO `productos` (`idProducto`, `Producto`, `idRubro`, `idProveedor`, `precio`) VALUES (402,'Producto 402',5,11,133.358);
INSERT INTO `productos` (`idProducto`, `Producto`, `idRubro`, `idProveedor`, `precio`) VALUES (403,'Producto 403',8,32,39.8203);
INSERT INTO `productos` (`idProducto`, `Producto`, `idRubro`, `idProveedor`, `precio`) VALUES (404,'Producto 404',3,26,145.83);
INSERT INTO `productos` (`idProducto`, `Producto`, `idRubro`, `idProveedor`, `precio`) VALUES (405,'Producto 405',5,42,110.121);
INSERT INTO `productos` (`idProducto`, `Producto`, `idRubro`, `idProveedor`, `precio`) VALUES (406,'Producto 406',8,50,476.554);
INSERT INTO `productos` (`idProducto`, `Producto`, `idRubro`, `idProveedor`, `precio`) VALUES (407,'Producto 407',5,45,450.969);
INSERT INTO `productos` (`idProducto`, `Producto`, `idRubro`, `idProveedor`, `precio`) VALUES (408,'Producto 408',9,33,211.806);
INSERT INTO `productos` (`idProducto`, `Producto`, `idRubro`, `idProveedor`, `precio`) VALUES (409,'Producto 409',2,2,51.5975);
INSERT INTO `productos` (`idProducto`, `Producto`, `idRubro`, `idProveedor`, `precio`) VALUES (410,'Producto 410',1,33,42.6839);
INSERT INTO `productos` (`idProducto`, `Producto`, `idRubro`, `idProveedor`, `precio`) VALUES (411,'Producto 411',4,5,267.682);
INSERT INTO `productos` (`idProducto`, `Producto`, `idRubro`, `idProveedor`, `precio`) VALUES (412,'Producto 412',5,3,144.634);
INSERT INTO `productos` (`idProducto`, `Producto`, `idRubro`, `idProveedor`, `precio`) VALUES (413,'Producto 413',10,50,438.259);
INSERT INTO `productos` (`idProducto`, `Producto`, `idRubro`, `idProveedor`, `precio`) VALUES (414,'Producto 414',6,1,15.4074);
INSERT INTO `productos` (`idProducto`, `Producto`, `idRubro`, `idProveedor`, `precio`) VALUES (415,'Producto 415',10,35,173.946);
INSERT INTO `productos` (`idProducto`, `Producto`, `idRubro`, `idProveedor`, `precio`) VALUES (416,'Producto 416',6,42,100.344);
INSERT INTO `productos` (`idProducto`, `Producto`, `idRubro`, `idProveedor`, `precio`) VALUES (417,'Producto 417',9,8,307.64);
INSERT INTO `productos` (`idProducto`, `Producto`, `idRubro`, `idProveedor`, `precio`) VALUES (418,'Producto 418',8,48,462.517);
INSERT INTO `productos` (`idProducto`, `Producto`, `idRubro`, `idProveedor`, `precio`) VALUES (419,'Producto 419',1,21,258.331);
INSERT INTO `productos` (`idProducto`, `Producto`, `idRubro`, `idProveedor`, `precio`) VALUES (420,'Producto 420',7,33,391.824);
INSERT INTO `productos` (`idProducto`, `Producto`, `idRubro`, `idProveedor`, `precio`) VALUES (421,'Producto 421',3,46,104.738);
INSERT INTO `productos` (`idProducto`, `Producto`, `idRubro`, `idProveedor`, `precio`) VALUES (422,'Producto 422',5,40,369.882);
INSERT INTO `productos` (`idProducto`, `Producto`, `idRubro`, `idProveedor`, `precio`) VALUES (423,'Producto 423',7,42,154.248);
INSERT INTO `productos` (`idProducto`, `Producto`, `idRubro`, `idProveedor`, `precio`) VALUES (424,'Producto 424',9,38,45.0415);
INSERT INTO `productos` (`idProducto`, `Producto`, `idRubro`, `idProveedor`, `precio`) VALUES (425,'Producto 425',9,33,239.563);
INSERT INTO `productos` (`idProducto`, `Producto`, `idRubro`, `idProveedor`, `precio`) VALUES (426,'Producto 426',8,29,445.118);
INSERT INTO `productos` (`idProducto`, `Producto`, `idRubro`, `idProveedor`, `precio`) VALUES (427,'Producto 427',3,19,217.04);
INSERT INTO `productos` (`idProducto`, `Producto`, `idRubro`, `idProveedor`, `precio`) VALUES (428,'Producto 428',8,24,312.213);
INSERT INTO `productos` (`idProducto`, `Producto`, `idRubro`, `idProveedor`, `precio`) VALUES (429,'Producto 429',7,44,200.567);
INSERT INTO `productos` (`idProducto`, `Producto`, `idRubro`, `idProveedor`, `precio`) VALUES (430,'Producto 430',1,7,257.24);
INSERT INTO `productos` (`idProducto`, `Producto`, `idRubro`, `idProveedor`, `precio`) VALUES (431,'Producto 431',10,26,367.862);
INSERT INTO `productos` (`idProducto`, `Producto`, `idRubro`, `idProveedor`, `precio`) VALUES (432,'Producto 432',7,3,24.4641);
INSERT INTO `productos` (`idProducto`, `Producto`, `idRubro`, `idProveedor`, `precio`) VALUES (433,'Producto 433',10,1,195.028);
INSERT INTO `productos` (`idProducto`, `Producto`, `idRubro`, `idProveedor`, `precio`) VALUES (434,'Producto 434',4,43,85.1167);
INSERT INTO `productos` (`idProducto`, `Producto`, `idRubro`, `idProveedor`, `precio`) VALUES (435,'Producto 435',1,43,310.499);
INSERT INTO `productos` (`idProducto`, `Producto`, `idRubro`, `idProveedor`, `precio`) VALUES (436,'Producto 436',2,14,472.45);
INSERT INTO `productos` (`idProducto`, `Producto`, `idRubro`, `idProveedor`, `precio`) VALUES (437,'Producto 437',6,29,227.885);
INSERT INTO `productos` (`idProducto`, `Producto`, `idRubro`, `idProveedor`, `precio`) VALUES (438,'Producto 438',5,49,398.612);
INSERT INTO `productos` (`idProducto`, `Producto`, `idRubro`, `idProveedor`, `precio`) VALUES (439,'Producto 439',9,48,223.639);
INSERT INTO `productos` (`idProducto`, `Producto`, `idRubro`, `idProveedor`, `precio`) VALUES (440,'Producto 440',7,42,367.377);
INSERT INTO `productos` (`idProducto`, `Producto`, `idRubro`, `idProveedor`, `precio`) VALUES (441,'Producto 441',6,46,485.705);
INSERT INTO `productos` (`idProducto`, `Producto`, `idRubro`, `idProveedor`, `precio`) VALUES (442,'Producto 442',3,50,67.937);
INSERT INTO `productos` (`idProducto`, `Producto`, `idRubro`, `idProveedor`, `precio`) VALUES (443,'Producto 443',5,8,216.902);
INSERT INTO `productos` (`idProducto`, `Producto`, `idRubro`, `idProveedor`, `precio`) VALUES (444,'Producto 444',3,37,68.8891);
INSERT INTO `productos` (`idProducto`, `Producto`, `idRubro`, `idProveedor`, `precio`) VALUES (445,'Producto 445',2,43,425.439);
INSERT INTO `productos` (`idProducto`, `Producto`, `idRubro`, `idProveedor`, `precio`) VALUES (446,'Producto 446',10,47,244.841);
INSERT INTO `productos` (`idProducto`, `Producto`, `idRubro`, `idProveedor`, `precio`) VALUES (447,'Producto 447',9,8,312.851);
INSERT INTO `productos` (`idProducto`, `Producto`, `idRubro`, `idProveedor`, `precio`) VALUES (448,'Producto 448',7,23,467.291);
INSERT INTO `productos` (`idProducto`, `Producto`, `idRubro`, `idProveedor`, `precio`) VALUES (449,'Producto 449',1,48,22.415);
INSERT INTO `productos` (`idProducto`, `Producto`, `idRubro`, `idProveedor`, `precio`) VALUES (450,'Producto 450',6,42,431.987);
INSERT INTO `productos` (`idProducto`, `Producto`, `idRubro`, `idProveedor`, `precio`) VALUES (451,'Producto 451',4,19,499.561);
INSERT INTO `productos` (`idProducto`, `Producto`, `idRubro`, `idProveedor`, `precio`) VALUES (452,'Producto 452',7,3,425.657);
INSERT INTO `productos` (`idProducto`, `Producto`, `idRubro`, `idProveedor`, `precio`) VALUES (453,'Producto 453',6,2,258.516);
INSERT INTO `productos` (`idProducto`, `Producto`, `idRubro`, `idProveedor`, `precio`) VALUES (454,'Producto 454',7,18,406.026);
INSERT INTO `productos` (`idProducto`, `Producto`, `idRubro`, `idProveedor`, `precio`) VALUES (455,'Producto 455',2,32,472.801);
INSERT INTO `productos` (`idProducto`, `Producto`, `idRubro`, `idProveedor`, `precio`) VALUES (456,'Producto 456',2,2,157.485);
INSERT INTO `productos` (`idProducto`, `Producto`, `idRubro`, `idProveedor`, `precio`) VALUES (457,'Producto 457',6,38,91.8457);
INSERT INTO `productos` (`idProducto`, `Producto`, `idRubro`, `idProveedor`, `precio`) VALUES (458,'Producto 458',9,26,78.6504);
INSERT INTO `productos` (`idProducto`, `Producto`, `idRubro`, `idProveedor`, `precio`) VALUES (459,'Producto 459',8,7,55.8007);
INSERT INTO `productos` (`idProducto`, `Producto`, `idRubro`, `idProveedor`, `precio`) VALUES (460,'Producto 460',10,39,349.647);
INSERT INTO `productos` (`idProducto`, `Producto`, `idRubro`, `idProveedor`, `precio`) VALUES (461,'Producto 461',1,4,330.279);
INSERT INTO `productos` (`idProducto`, `Producto`, `idRubro`, `idProveedor`, `precio`) VALUES (462,'Producto 462',10,13,405.157);
INSERT INTO `productos` (`idProducto`, `Producto`, `idRubro`, `idProveedor`, `precio`) VALUES (463,'Producto 463',9,5,454.625);
INSERT INTO `productos` (`idProducto`, `Producto`, `idRubro`, `idProveedor`, `precio`) VALUES (464,'Producto 464',6,23,134.591);
INSERT INTO `productos` (`idProducto`, `Producto`, `idRubro`, `idProveedor`, `precio`) VALUES (465,'Producto 465',5,9,135.171);
INSERT INTO `productos` (`idProducto`, `Producto`, `idRubro`, `idProveedor`, `precio`) VALUES (466,'Producto 466',7,24,185.858);
INSERT INTO `productos` (`idProducto`, `Producto`, `idRubro`, `idProveedor`, `precio`) VALUES (467,'Producto 467',9,2,484.634);
INSERT INTO `productos` (`idProducto`, `Producto`, `idRubro`, `idProveedor`, `precio`) VALUES (468,'Producto 468',8,14,251.908);
INSERT INTO `productos` (`idProducto`, `Producto`, `idRubro`, `idProveedor`, `precio`) VALUES (469,'Producto 469',6,28,126.187);
INSERT INTO `productos` (`idProducto`, `Producto`, `idRubro`, `idProveedor`, `precio`) VALUES (470,'Producto 470',3,17,463.011);
INSERT INTO `productos` (`idProducto`, `Producto`, `idRubro`, `idProveedor`, `precio`) VALUES (471,'Producto 471',10,35,129.155);
INSERT INTO `productos` (`idProducto`, `Producto`, `idRubro`, `idProveedor`, `precio`) VALUES (472,'Producto 472',4,44,438.599);
INSERT INTO `productos` (`idProducto`, `Producto`, `idRubro`, `idProveedor`, `precio`) VALUES (473,'Producto 473',1,3,457.634);
INSERT INTO `productos` (`idProducto`, `Producto`, `idRubro`, `idProveedor`, `precio`) VALUES (474,'Producto 474',4,8,334.787);
INSERT INTO `productos` (`idProducto`, `Producto`, `idRubro`, `idProveedor`, `precio`) VALUES (475,'Producto 475',4,47,397.472);
INSERT INTO `productos` (`idProducto`, `Producto`, `idRubro`, `idProveedor`, `precio`) VALUES (476,'Producto 476',4,31,133.664);
INSERT INTO `productos` (`idProducto`, `Producto`, `idRubro`, `idProveedor`, `precio`) VALUES (477,'Producto 477',2,33,95.9427);
INSERT INTO `productos` (`idProducto`, `Producto`, `idRubro`, `idProveedor`, `precio`) VALUES (478,'Producto 478',10,14,178.218);
INSERT INTO `productos` (`idProducto`, `Producto`, `idRubro`, `idProveedor`, `precio`) VALUES (479,'Producto 479',7,7,281.479);
INSERT INTO `productos` (`idProducto`, `Producto`, `idRubro`, `idProveedor`, `precio`) VALUES (480,'Producto 480',7,44,113.87);
INSERT INTO `productos` (`idProducto`, `Producto`, `idRubro`, `idProveedor`, `precio`) VALUES (481,'Producto 481',5,28,475.911);
INSERT INTO `productos` (`idProducto`, `Producto`, `idRubro`, `idProveedor`, `precio`) VALUES (482,'Producto 482',5,29,235.955);
INSERT INTO `productos` (`idProducto`, `Producto`, `idRubro`, `idProveedor`, `precio`) VALUES (483,'Producto 483',6,34,245.874);
INSERT INTO `productos` (`idProducto`, `Producto`, `idRubro`, `idProveedor`, `precio`) VALUES (484,'Producto 484',9,40,112.914);
INSERT INTO `productos` (`idProducto`, `Producto`, `idRubro`, `idProveedor`, `precio`) VALUES (485,'Producto 485',8,36,235.166);
INSERT INTO `productos` (`idProducto`, `Producto`, `idRubro`, `idProveedor`, `precio`) VALUES (486,'Producto 486',9,40,65.1513);
INSERT INTO `productos` (`idProducto`, `Producto`, `idRubro`, `idProveedor`, `precio`) VALUES (487,'Producto 487',4,11,179.572);
INSERT INTO `productos` (`idProducto`, `Producto`, `idRubro`, `idProveedor`, `precio`) VALUES (488,'Producto 488',9,8,302.516);
INSERT INTO `productos` (`idProducto`, `Producto`, `idRubro`, `idProveedor`, `precio`) VALUES (489,'Producto 489',3,17,196.825);
INSERT INTO `productos` (`idProducto`, `Producto`, `idRubro`, `idProveedor`, `precio`) VALUES (490,'Producto 490',3,34,105.762);
INSERT INTO `productos` (`idProducto`, `Producto`, `idRubro`, `idProveedor`, `precio`) VALUES (491,'Producto 491',10,37,441.101);
INSERT INTO `productos` (`idProducto`, `Producto`, `idRubro`, `idProveedor`, `precio`) VALUES (492,'Producto 492',8,12,316.361);
INSERT INTO `productos` (`idProducto`, `Producto`, `idRubro`, `idProveedor`, `precio`) VALUES (493,'Producto 493',9,27,427.725);
INSERT INTO `productos` (`idProducto`, `Producto`, `idRubro`, `idProveedor`, `precio`) VALUES (494,'Producto 494',2,1,61.0627);
INSERT INTO `productos` (`idProducto`, `Producto`, `idRubro`, `idProveedor`, `precio`) VALUES (495,'Producto 495',8,35,203.135);
INSERT INTO `productos` (`idProducto`, `Producto`, `idRubro`, `idProveedor`, `precio`) VALUES (496,'Producto 496',8,10,172.236);
INSERT INTO `productos` (`idProducto`, `Producto`, `idRubro`, `idProveedor`, `precio`) VALUES (497,'Producto 497',7,50,270.718);
INSERT INTO `productos` (`idProducto`, `Producto`, `idRubro`, `idProveedor`, `precio`) VALUES (498,'Producto 498',5,38,354.257);
INSERT INTO `productos` (`idProducto`, `Producto`, `idRubro`, `idProveedor`, `precio`) VALUES (499,'Producto 499',1,13,115.949);
INSERT INTO `productos` (`idProducto`, `Producto`, `idRubro`, `idProveedor`, `precio`) VALUES (500,'Producto 500',7,17,80.1158);
/*!40000 ALTER TABLE `productos` ENABLE KEYS */;
UNLOCK TABLES;

--
-- Table structure for table `facturadetalle`
--

DROP TABLE IF EXISTS `facturadetalle`;
/*!40101 SET @saved_cs_client     = @@character_set_client */;
/*!40101 SET character_set_client = utf8 */;
CREATE TABLE `facturadetalle` (
  `idFactura` int(10) unsigned NOT NULL DEFAULT '0',
  `idProducto` int(10) unsigned NOT NULL DEFAULT '0',
  `cantidad` float NOT NULL DEFAULT '0',
  PRIMARY KEY (`idFactura`,`idProducto`),
  KEY `FK_facturadetalle_producto` (`idProducto`),
  CONSTRAINT `FK_facturadetalle_facturacabecera` FOREIGN KEY (`idFactura`) REFERENCES `facturacabecera` (`idFactura`),
  CONSTRAINT `FK_facturadetalle_producto` FOREIGN KEY (`idProducto`) REFERENCES `productos` (`idProducto`)
) ENGINE=InnoDB DEFAULT CHARSET=latin1;
/*!40101 SET character_set_client = @saved_cs_client */;

--
-- Dumping data for table `facturadetalle`
--

LOCK TABLES `facturadetalle` WRITE;
/*!40000 ALTER TABLE `facturadetalle` DISABLE KEYS */;
INSERT INTO `facturadetalle` (`idFactura`, `idProducto`, `cantidad`) VALUES (1,100,324);
INSERT INTO `facturadetalle` (`idFactura`, `idProducto`, `cantidad`) VALUES (1,217,124);
INSERT INTO `facturadetalle` (`idFactura`, `idProducto`, `cantidad`) VALUES (1,358,119);
INSERT INTO `facturadetalle` (`idFactura`, `idProducto`, `cantidad`) VALUES (1,370,57);
INSERT INTO `facturadetalle` (`idFactura`, `idProducto`, `cantidad`) VALUES (1,465,85);
INSERT INTO `facturadetalle` (`idFactura`, `idProducto`, `cantidad`) VALUES (1,479,63);
INSERT INTO `facturadetalle` (`idFactura`, `idProducto`, `cantidad`) VALUES (2,20,50);
INSERT INTO `facturadetalle` (`idFactura`, `idProducto`, `cantidad`) VALUES (2,153,124);
INSERT INTO `facturadetalle` (`idFactura`, `idProducto`, `cantidad`) VALUES (2,156,88);
INSERT INTO `facturadetalle` (`idFactura`, `idProducto`, `cantidad`) VALUES (2,172,252);
INSERT INTO `facturadetalle` (`idFactura`, `idProducto`, `cantidad`) VALUES (2,188,41);
INSERT INTO `facturadetalle` (`idFactura`, `idProducto`, `cantidad`) VALUES (2,223,124);
INSERT INTO `facturadetalle` (`idFactura`, `idProducto`, `cantidad`) VALUES (2,259,144);
INSERT INTO `facturadetalle` (`idFactura`, `idProducto`, `cantidad`) VALUES (2,426,345);
INSERT INTO `facturadetalle` (`idFactura`, `idProducto`, `cantidad`) VALUES (2,477,243);
INSERT INTO `facturadetalle` (`idFactura`, `idProducto`, `cantidad`) VALUES (3,68,212);
INSERT INTO `facturadetalle` (`idFactura`, `idProducto`, `cantidad`) VALUES (3,117,267);
INSERT INTO `facturadetalle` (`idFactura`, `idProducto`, `cantidad`) VALUES (3,181,387);
INSERT INTO `facturadetalle` (`idFactura`, `idProducto`, `cantidad`) VALUES (4,278,368);
INSERT INTO `facturadetalle` (`idFactura`, `idProducto`, `cantidad`) VALUES (4,351,125);
INSERT INTO `facturadetalle` (`idFactura`, `idProducto`, `cantidad`) VALUES (5,343,13);
INSERT INTO `facturadetalle` (`idFactura`, `idProducto`, `cantidad`) VALUES (5,345,74);
INSERT INTO `facturadetalle` (`idFactura`, `idProducto`, `cantidad`) VALUES (5,374,137);
INSERT INTO `facturadetalle` (`idFactura`, `idProducto`, `cantidad`) VALUES (5,411,374);
INSERT INTO `facturadetalle` (`idFactura`, `idProducto`, `cantidad`) VALUES (5,464,53);
INSERT INTO `facturadetalle` (`idFactura`, `idProducto`, `cantidad`) VALUES (6,184,73);
INSERT INTO `facturadetalle` (`idFactura`, `idProducto`, `cantidad`) VALUES (7,238,99);
INSERT INTO `facturadetalle` (`idFactura`, `idProducto`, `cantidad`) VALUES (7,296,398);
INSERT INTO `facturadetalle` (`idFactura`, `idProducto`, `cantidad`) VALUES (7,421,179);
INSERT INTO `facturadetalle` (`idFactura`, `idProducto`, `cantidad`) VALUES (7,422,36);
INSERT INTO `facturadetalle` (`idFactura`, `idProducto`, `cantidad`) VALUES (7,424,211);
INSERT INTO `facturadetalle` (`idFactura`, `idProducto`, `cantidad`) VALUES (8,119,357);
INSERT INTO `facturadetalle` (`idFactura`, `idProducto`, `cantidad`) VALUES (9,299,329);
INSERT INTO `facturadetalle` (`idFactura`, `idProducto`, `cantidad`) VALUES (10,27,65);
INSERT INTO `facturadetalle` (`idFactura`, `idProducto`, `cantidad`) VALUES (10,168,399);
INSERT INTO `facturadetalle` (`idFactura`, `idProducto`, `cantidad`) VALUES (10,197,268);
INSERT INTO `facturadetalle` (`idFactura`, `idProducto`, `cantidad`) VALUES (10,300,74);
INSERT INTO `facturadetalle` (`idFactura`, `idProducto`, `cantidad`) VALUES (10,321,189);
INSERT INTO `facturadetalle` (`idFactura`, `idProducto`, `cantidad`) VALUES (10,379,361);
INSERT INTO `facturadetalle` (`idFactura`, `idProducto`, `cantidad`) VALUES (10,470,222);
INSERT INTO `facturadetalle` (`idFactura`, `idProducto`, `cantidad`) VALUES (11,24,41);
INSERT INTO `facturadetalle` (`idFactura`, `idProducto`, `cantidad`) VALUES (11,28,204);
INSERT INTO `facturadetalle` (`idFactura`, `idProducto`, `cantidad`) VALUES (11,51,78);
INSERT INTO `facturadetalle` (`idFactura`, `idProducto`, `cantidad`) VALUES (11,53,61);
INSERT INTO `facturadetalle` (`idFactura`, `idProducto`, `cantidad`) VALUES (11,148,312);
INSERT INTO `facturadetalle` (`idFactura`, `idProducto`, `cantidad`) VALUES (11,342,252);
INSERT INTO `facturadetalle` (`idFactura`, `idProducto`, `cantidad`) VALUES (11,347,21);
INSERT INTO `facturadetalle` (`idFactura`, `idProducto`, `cantidad`) VALUES (11,402,292);
INSERT INTO `facturadetalle` (`idFactura`, `idProducto`, `cantidad`) VALUES (11,478,290);
INSERT INTO `facturadetalle` (`idFactura`, `idProducto`, `cantidad`) VALUES (11,484,290);
INSERT INTO `facturadetalle` (`idFactura`, `idProducto`, `cantidad`) VALUES (12,292,276);
INSERT INTO `facturadetalle` (`idFactura`, `idProducto`, `cantidad`) VALUES (12,302,130);
INSERT INTO `facturadetalle` (`idFactura`, `idProducto`, `cantidad`) VALUES (12,449,329);
INSERT INTO `facturadetalle` (`idFactura`, `idProducto`, `cantidad`) VALUES (13,21,378);
INSERT INTO `facturadetalle` (`idFactura`, `idProducto`, `cantidad`) VALUES (13,30,274);
INSERT INTO `facturadetalle` (`idFactura`, `idProducto`, `cantidad`) VALUES (13,257,393);
INSERT INTO `facturadetalle` (`idFactura`, `idProducto`, `cantidad`) VALUES (13,387,89);
INSERT INTO `facturadetalle` (`idFactura`, `idProducto`, `cantidad`) VALUES (13,455,360);
INSERT INTO `facturadetalle` (`idFactura`, `idProducto`, `cantidad`) VALUES (14,190,276);
INSERT INTO `facturadetalle` (`idFactura`, `idProducto`, `cantidad`) VALUES (14,360,217);
INSERT INTO `facturadetalle` (`idFactura`, `idProducto`, `cantidad`) VALUES (14,395,213);
INSERT INTO `facturadetalle` (`idFactura`, `idProducto`, `cantidad`) VALUES (15,178,198);
INSERT INTO `facturadetalle` (`idFactura`, `idProducto`, `cantidad`) VALUES (15,212,126);
INSERT INTO `facturadetalle` (`idFactura`, `idProducto`, `cantidad`) VALUES (15,230,48);
INSERT INTO `facturadetalle` (`idFactura`, `idProducto`, `cantidad`) VALUES (15,429,40);
INSERT INTO `facturadetalle` (`idFactura`, `idProducto`, `cantidad`) VALUES (15,432,375);
INSERT INTO `facturadetalle` (`idFactura`, `idProducto`, `cantidad`) VALUES (15,436,274);
INSERT INTO `facturadetalle` (`idFactura`, `idProducto`, `cantidad`) VALUES (16,103,39);
INSERT INTO `facturadetalle` (`idFactura`, `idProducto`, `cantidad`) VALUES (16,164,101);
INSERT INTO `facturadetalle` (`idFactura`, `idProducto`, `cantidad`) VALUES (16,166,221);
INSERT INTO `facturadetalle` (`idFactura`, `idProducto`, `cantidad`) VALUES (16,248,279);
INSERT INTO `facturadetalle` (`idFactura`, `idProducto`, `cantidad`) VALUES (16,282,79);
INSERT INTO `facturadetalle` (`idFactura`, `idProducto`, `cantidad`) VALUES (16,361,171);
INSERT INTO `facturadetalle` (`idFactura`, `idProducto`, `cantidad`) VALUES (16,392,359);
INSERT INTO `facturadetalle` (`idFactura`, `idProducto`, `cantidad`) VALUES (16,436,335);
INSERT INTO `facturadetalle` (`idFactura`, `idProducto`, `cantidad`) VALUES (16,454,296);
INSERT INTO `facturadetalle` (`idFactura`, `idProducto`, `cantidad`) VALUES (17,13,349);
INSERT INTO `facturadetalle` (`idFactura`, `idProducto`, `cantidad`) VALUES (17,183,85);
INSERT INTO `facturadetalle` (`idFactura`, `idProducto`, `cantidad`) VALUES (17,336,388);
INSERT INTO `facturadetalle` (`idFactura`, `idProducto`, `cantidad`) VALUES (17,461,175);
INSERT INTO `facturadetalle` (`idFactura`, `idProducto`, `cantidad`) VALUES (17,486,238);
INSERT INTO `facturadetalle` (`idFactura`, `idProducto`, `cantidad`) VALUES (18,45,344);
INSERT INTO `facturadetalle` (`idFactura`, `idProducto`, `cantidad`) VALUES (18,75,399);
INSERT INTO `facturadetalle` (`idFactura`, `idProducto`, `cantidad`) VALUES (18,341,397);
INSERT INTO `facturadetalle` (`idFactura`, `idProducto`, `cantidad`) VALUES (18,433,259);
INSERT INTO `facturadetalle` (`idFactura`, `idProducto`, `cantidad`) VALUES (18,483,97);
INSERT INTO `facturadetalle` (`idFactura`, `idProducto`, `cantidad`) VALUES (19,228,281);
INSERT INTO `facturadetalle` (`idFactura`, `idProducto`, `cantidad`) VALUES (20,457,285);
INSERT INTO `facturadetalle` (`idFactura`, `idProducto`, `cantidad`) VALUES (21,22,289);
INSERT INTO `facturadetalle` (`idFactura`, `idProducto`, `cantidad`) VALUES (21,75,321);
INSERT INTO `facturadetalle` (`idFactura`, `idProducto`, `cantidad`) VALUES (21,84,210);
INSERT INTO `facturadetalle` (`idFactura`, `idProducto`, `cantidad`) VALUES (21,131,242);
INSERT INTO `facturadetalle` (`idFactura`, `idProducto`, `cantidad`) VALUES (21,211,45);
INSERT INTO `facturadetalle` (`idFactura`, `idProducto`, `cantidad`) VALUES (21,246,49);
INSERT INTO `facturadetalle` (`idFactura`, `idProducto`, `cantidad`) VALUES (21,276,77);
INSERT INTO `facturadetalle` (`idFactura`, `idProducto`, `cantidad`) VALUES (22,28,123);
INSERT INTO `facturadetalle` (`idFactura`, `idProducto`, `cantidad`) VALUES (22,126,202);
INSERT INTO `facturadetalle` (`idFactura`, `idProducto`, `cantidad`) VALUES (22,142,189);
INSERT INTO `facturadetalle` (`idFactura`, `idProducto`, `cantidad`) VALUES (22,255,364);
INSERT INTO `facturadetalle` (`idFactura`, `idProducto`, `cantidad`) VALUES (22,306,158);
INSERT INTO `facturadetalle` (`idFactura`, `idProducto`, `cantidad`) VALUES (23,211,208);
INSERT INTO `facturadetalle` (`idFactura`, `idProducto`, `cantidad`) VALUES (23,498,359);
INSERT INTO `facturadetalle` (`idFactura`, `idProducto`, `cantidad`) VALUES (24,204,130);
INSERT INTO `facturadetalle` (`idFactura`, `idProducto`, `cantidad`) VALUES (24,275,33);
INSERT INTO `facturadetalle` (`idFactura`, `idProducto`, `cantidad`) VALUES (25,26,8);
INSERT INTO `facturadetalle` (`idFactura`, `idProducto`, `cantidad`) VALUES (25,71,159);
INSERT INTO `facturadetalle` (`idFactura`, `idProducto`, `cantidad`) VALUES (25,72,144);
INSERT INTO `facturadetalle` (`idFactura`, `idProducto`, `cantidad`) VALUES (25,90,295);
INSERT INTO `facturadetalle` (`idFactura`, `idProducto`, `cantidad`) VALUES (25,92,85);
INSERT INTO `facturadetalle` (`idFactura`, `idProducto`, `cantidad`) VALUES (25,266,80);
INSERT INTO `facturadetalle` (`idFactura`, `idProducto`, `cantidad`) VALUES (25,396,39);
INSERT INTO `facturadetalle` (`idFactura`, `idProducto`, `cantidad`) VALUES (26,25,255);
INSERT INTO `facturadetalle` (`idFactura`, `idProducto`, `cantidad`) VALUES (26,88,41);
INSERT INTO `facturadetalle` (`idFactura`, `idProducto`, `cantidad`) VALUES (26,289,21);
INSERT INTO `facturadetalle` (`idFactura`, `idProducto`, `cantidad`) VALUES (26,290,64);
INSERT INTO `facturadetalle` (`idFactura`, `idProducto`, `cantidad`) VALUES (26,434,244);
INSERT INTO `facturadetalle` (`idFactura`, `idProducto`, `cantidad`) VALUES (27,75,124);
INSERT INTO `facturadetalle` (`idFactura`, `idProducto`, `cantidad`) VALUES (27,93,292);
INSERT INTO `facturadetalle` (`idFactura`, `idProducto`, `cantidad`) VALUES (27,114,115);
INSERT INTO `facturadetalle` (`idFactura`, `idProducto`, `cantidad`) VALUES (27,163,190);
INSERT INTO `facturadetalle` (`idFactura`, `idProducto`, `cantidad`) VALUES (27,257,27);
INSERT INTO `facturadetalle` (`idFactura`, `idProducto`, `cantidad`) VALUES (27,381,116);
INSERT INTO `facturadetalle` (`idFactura`, `idProducto`, `cantidad`) VALUES (27,463,259);
INSERT INTO `facturadetalle` (`idFactura`, `idProducto`, `cantidad`) VALUES (28,11,155);
INSERT INTO `facturadetalle` (`idFactura`, `idProducto`, `cantidad`) VALUES (28,25,383);
INSERT INTO `facturadetalle` (`idFactura`, `idProducto`, `cantidad`) VALUES (28,222,315);
INSERT INTO `facturadetalle` (`idFactura`, `idProducto`, `cantidad`) VALUES (28,299,71);
INSERT INTO `facturadetalle` (`idFactura`, `idProducto`, `cantidad`) VALUES (28,429,373);
INSERT INTO `facturadetalle` (`idFactura`, `idProducto`, `cantidad`) VALUES (29,226,295);
INSERT INTO `facturadetalle` (`idFactura`, `idProducto`, `cantidad`) VALUES (29,481,292);
INSERT INTO `facturadetalle` (`idFactura`, `idProducto`, `cantidad`) VALUES (30,124,189);
INSERT INTO `facturadetalle` (`idFactura`, `idProducto`, `cantidad`) VALUES (31,86,72);
INSERT INTO `facturadetalle` (`idFactura`, `idProducto`, `cantidad`) VALUES (31,119,357);
INSERT INTO `facturadetalle` (`idFactura`, `idProducto`, `cantidad`) VALUES (31,234,151);
INSERT INTO `facturadetalle` (`idFactura`, `idProducto`, `cantidad`) VALUES (31,341,153);
INSERT INTO `facturadetalle` (`idFactura`, `idProducto`, `cantidad`) VALUES (31,358,150);
INSERT INTO `facturadetalle` (`idFactura`, `idProducto`, `cantidad`) VALUES (31,485,25);
INSERT INTO `facturadetalle` (`idFactura`, `idProducto`, `cantidad`) VALUES (32,66,198);
INSERT INTO `facturadetalle` (`idFactura`, `idProducto`, `cantidad`) VALUES (32,107,233);
INSERT INTO `facturadetalle` (`idFactura`, `idProducto`, `cantidad`) VALUES (32,136,62);
INSERT INTO `facturadetalle` (`idFactura`, `idProducto`, `cantidad`) VALUES (32,176,184);
INSERT INTO `facturadetalle` (`idFactura`, `idProducto`, `cantidad`) VALUES (32,205,118);
INSERT INTO `facturadetalle` (`idFactura`, `idProducto`, `cantidad`) VALUES (32,226,258);
INSERT INTO `facturadetalle` (`idFactura`, `idProducto`, `cantidad`) VALUES (32,233,40);
INSERT INTO `facturadetalle` (`idFactura`, `idProducto`, `cantidad`) VALUES (32,249,264);
INSERT INTO `facturadetalle` (`idFactura`, `idProducto`, `cantidad`) VALUES (32,255,66);
INSERT INTO `facturadetalle` (`idFactura`, `idProducto`, `cantidad`) VALUES (32,258,41);
INSERT INTO `facturadetalle` (`idFactura`, `idProducto`, `cantidad`) VALUES (33,249,18);
INSERT INTO `facturadetalle` (`idFactura`, `idProducto`, `cantidad`) VALUES (33,300,396);
INSERT INTO `facturadetalle` (`idFactura`, `idProducto`, `cantidad`) VALUES (34,63,184);
INSERT INTO `facturadetalle` (`idFactura`, `idProducto`, `cantidad`) VALUES (34,215,134);
INSERT INTO `facturadetalle` (`idFactura`, `idProducto`, `cantidad`) VALUES (34,283,6);
INSERT INTO `facturadetalle` (`idFactura`, `idProducto`, `cantidad`) VALUES (34,290,247);
INSERT INTO `facturadetalle` (`idFactura`, `idProducto`, `cantidad`) VALUES (34,409,376);
INSERT INTO `facturadetalle` (`idFactura`, `idProducto`, `cantidad`) VALUES (34,412,97);
INSERT INTO `facturadetalle` (`idFactura`, `idProducto`, `cantidad`) VALUES (34,428,376);
INSERT INTO `facturadetalle` (`idFactura`, `idProducto`, `cantidad`) VALUES (34,451,292);
INSERT INTO `facturadetalle` (`idFactura`, `idProducto`, `cantidad`) VALUES (34,499,159);
INSERT INTO `facturadetalle` (`idFactura`, `idProducto`, `cantidad`) VALUES (35,189,97);
INSERT INTO `facturadetalle` (`idFactura`, `idProducto`, `cantidad`) VALUES (36,131,33);
INSERT INTO `facturadetalle` (`idFactura`, `idProducto`, `cantidad`) VALUES (36,376,38);
INSERT INTO `facturadetalle` (`idFactura`, `idProducto`, `cantidad`) VALUES (37,261,146);
INSERT INTO `facturadetalle` (`idFactura`, `idProducto`, `cantidad`) VALUES (37,355,367);
INSERT INTO `facturadetalle` (`idFactura`, `idProducto`, `cantidad`) VALUES (38,56,240);
INSERT INTO `facturadetalle` (`idFactura`, `idProducto`, `cantidad`) VALUES (38,74,194);
INSERT INTO `facturadetalle` (`idFactura`, `idProducto`, `cantidad`) VALUES (38,123,120);
INSERT INTO `facturadetalle` (`idFactura`, `idProducto`, `cantidad`) VALUES (38,142,166);
INSERT INTO `facturadetalle` (`idFactura`, `idProducto`, `cantidad`) VALUES (38,165,25);
INSERT INTO `facturadetalle` (`idFactura`, `idProducto`, `cantidad`) VALUES (38,211,275);
INSERT INTO `facturadetalle` (`idFactura`, `idProducto`, `cantidad`) VALUES (38,234,125);
INSERT INTO `facturadetalle` (`idFactura`, `idProducto`, `cantidad`) VALUES (38,302,197);
INSERT INTO `facturadetalle` (`idFactura`, `idProducto`, `cantidad`) VALUES (38,316,372);
INSERT INTO `facturadetalle` (`idFactura`, `idProducto`, `cantidad`) VALUES (38,341,235);
INSERT INTO `facturadetalle` (`idFactura`, `idProducto`, `cantidad`) VALUES (39,127,121);
INSERT INTO `facturadetalle` (`idFactura`, `idProducto`, `cantidad`) VALUES (39,139,146);
INSERT INTO `facturadetalle` (`idFactura`, `idProducto`, `cantidad`) VALUES (40,20,323);
INSERT INTO `facturadetalle` (`idFactura`, `idProducto`, `cantidad`) VALUES (40,77,78);
INSERT INTO `facturadetalle` (`idFactura`, `idProducto`, `cantidad`) VALUES (40,97,168);
INSERT INTO `facturadetalle` (`idFactura`, `idProducto`, `cantidad`) VALUES (40,105,249);
INSERT INTO `facturadetalle` (`idFactura`, `idProducto`, `cantidad`) VALUES (41,216,281);
INSERT INTO `facturadetalle` (`idFactura`, `idProducto`, `cantidad`) VALUES (41,308,380);
INSERT INTO `facturadetalle` (`idFactura`, `idProducto`, `cantidad`) VALUES (41,359,183);
INSERT INTO `facturadetalle` (`idFactura`, `idProducto`, `cantidad`) VALUES (41,405,3);
INSERT INTO `facturadetalle` (`idFactura`, `idProducto`, `cantidad`) VALUES (42,33,134);
INSERT INTO `facturadetalle` (`idFactura`, `idProducto`, `cantidad`) VALUES (42,109,55);
INSERT INTO `facturadetalle` (`idFactura`, `idProducto`, `cantidad`) VALUES (42,242,82);
INSERT INTO `facturadetalle` (`idFactura`, `idProducto`, `cantidad`) VALUES (42,264,215);
INSERT INTO `facturadetalle` (`idFactura`, `idProducto`, `cantidad`) VALUES (42,279,60);
INSERT INTO `facturadetalle` (`idFactura`, `idProducto`, `cantidad`) VALUES (42,435,224);
INSERT INTO `facturadetalle` (`idFactura`, `idProducto`, `cantidad`) VALUES (43,19,176);
INSERT INTO `facturadetalle` (`idFactura`, `idProducto`, `cantidad`) VALUES (43,97,180);
INSERT INTO `facturadetalle` (`idFactura`, `idProducto`, `cantidad`) VALUES (43,121,192);
INSERT INTO `facturadetalle` (`idFactura`, `idProducto`, `cantidad`) VALUES (43,241,399);
INSERT INTO `facturadetalle` (`idFactura`, `idProducto`, `cantidad`) VALUES (43,258,240);
INSERT INTO `facturadetalle` (`idFactura`, `idProducto`, `cantidad`) VALUES (44,145,343);
INSERT INTO `facturadetalle` (`idFactura`, `idProducto`, `cantidad`) VALUES (44,191,40);
INSERT INTO `facturadetalle` (`idFactura`, `idProducto`, `cantidad`) VALUES (44,247,174);
INSERT INTO `facturadetalle` (`idFactura`, `idProducto`, `cantidad`) VALUES (44,265,342);
INSERT INTO `facturadetalle` (`idFactura`, `idProducto`, `cantidad`) VALUES (44,357,386);
INSERT INTO `facturadetalle` (`idFactura`, `idProducto`, `cantidad`) VALUES (44,370,134);
INSERT INTO `facturadetalle` (`idFactura`, `idProducto`, `cantidad`) VALUES (44,443,336);
INSERT INTO `facturadetalle` (`idFactura`, `idProducto`, `cantidad`) VALUES (45,94,142);
INSERT INTO `facturadetalle` (`idFactura`, `idProducto`, `cantidad`) VALUES (46,3,325);
INSERT INTO `facturadetalle` (`idFactura`, `idProducto`, `cantidad`) VALUES (46,330,185);
INSERT INTO `facturadetalle` (`idFactura`, `idProducto`, `cantidad`) VALUES (47,273,24);
INSERT INTO `facturadetalle` (`idFactura`, `idProducto`, `cantidad`) VALUES (48,8,161);
INSERT INTO `facturadetalle` (`idFactura`, `idProducto`, `cantidad`) VALUES (48,110,25);
INSERT INTO `facturadetalle` (`idFactura`, `idProducto`, `cantidad`) VALUES (48,192,195);
INSERT INTO `facturadetalle` (`idFactura`, `idProducto`, `cantidad`) VALUES (48,375,182);
INSERT INTO `facturadetalle` (`idFactura`, `idProducto`, `cantidad`) VALUES (48,436,125);
INSERT INTO `facturadetalle` (`idFactura`, `idProducto`, `cantidad`) VALUES (49,78,12);
INSERT INTO `facturadetalle` (`idFactura`, `idProducto`, `cantidad`) VALUES (50,123,270);
INSERT INTO `facturadetalle` (`idFactura`, `idProducto`, `cantidad`) VALUES (50,150,214);
INSERT INTO `facturadetalle` (`idFactura`, `idProducto`, `cantidad`) VALUES (50,266,171);
INSERT INTO `facturadetalle` (`idFactura`, `idProducto`, `cantidad`) VALUES (50,280,243);
INSERT INTO `facturadetalle` (`idFactura`, `idProducto`, `cantidad`) VALUES (50,296,363);
INSERT INTO `facturadetalle` (`idFactura`, `idProducto`, `cantidad`) VALUES (50,432,165);
INSERT INTO `facturadetalle` (`idFactura`, `idProducto`, `cantidad`) VALUES (50,449,112);
INSERT INTO `facturadetalle` (`idFactura`, `idProducto`, `cantidad`) VALUES (50,500,352);
INSERT INTO `facturadetalle` (`idFactura`, `idProducto`, `cantidad`) VALUES (51,3,235);
INSERT INTO `facturadetalle` (`idFactura`, `idProducto`, `cantidad`) VALUES (51,58,212);
INSERT INTO `facturadetalle` (`idFactura`, `idProducto`, `cantidad`) VALUES (51,60,113);
INSERT INTO `facturadetalle` (`idFactura`, `idProducto`, `cantidad`) VALUES (51,172,371);
INSERT INTO `facturadetalle` (`idFactura`, `idProducto`, `cantidad`) VALUES (51,222,248);
INSERT INTO `facturadetalle` (`idFactura`, `idProducto`, `cantidad`) VALUES (51,241,84);
INSERT INTO `facturadetalle` (`idFactura`, `idProducto`, `cantidad`) VALUES (51,287,106);
INSERT INTO `facturadetalle` (`idFactura`, `idProducto`, `cantidad`) VALUES (51,317,285);
INSERT INTO `facturadetalle` (`idFactura`, `idProducto`, `cantidad`) VALUES (51,390,232);
INSERT INTO `facturadetalle` (`idFactura`, `idProducto`, `cantidad`) VALUES (51,425,173);
INSERT INTO `facturadetalle` (`idFactura`, `idProducto`, `cantidad`) VALUES (52,19,372);
INSERT INTO `facturadetalle` (`idFactura`, `idProducto`, `cantidad`) VALUES (52,115,241);
INSERT INTO `facturadetalle` (`idFactura`, `idProducto`, `cantidad`) VALUES (52,169,93);
INSERT INTO `facturadetalle` (`idFactura`, `idProducto`, `cantidad`) VALUES (52,183,151);
INSERT INTO `facturadetalle` (`idFactura`, `idProducto`, `cantidad`) VALUES (52,272,150);
INSERT INTO `facturadetalle` (`idFactura`, `idProducto`, `cantidad`) VALUES (52,370,2);
INSERT INTO `facturadetalle` (`idFactura`, `idProducto`, `cantidad`) VALUES (53,1,240);
INSERT INTO `facturadetalle` (`idFactura`, `idProducto`, `cantidad`) VALUES (53,70,364);
INSERT INTO `facturadetalle` (`idFactura`, `idProducto`, `cantidad`) VALUES (53,358,93);
INSERT INTO `facturadetalle` (`idFactura`, `idProducto`, `cantidad`) VALUES (54,22,125);
INSERT INTO `facturadetalle` (`idFactura`, `idProducto`, `cantidad`) VALUES (54,126,39);
INSERT INTO `facturadetalle` (`idFactura`, `idProducto`, `cantidad`) VALUES (54,206,250);
INSERT INTO `facturadetalle` (`idFactura`, `idProducto`, `cantidad`) VALUES (54,430,95);
INSERT INTO `facturadetalle` (`idFactura`, `idProducto`, `cantidad`) VALUES (55,91,112);
INSERT INTO `facturadetalle` (`idFactura`, `idProducto`, `cantidad`) VALUES (55,131,361);
INSERT INTO `facturadetalle` (`idFactura`, `idProducto`, `cantidad`) VALUES (55,134,253);
INSERT INTO `facturadetalle` (`idFactura`, `idProducto`, `cantidad`) VALUES (55,264,197);
INSERT INTO `facturadetalle` (`idFactura`, `idProducto`, `cantidad`) VALUES (55,314,148);
INSERT INTO `facturadetalle` (`idFactura`, `idProducto`, `cantidad`) VALUES (55,390,315);
INSERT INTO `facturadetalle` (`idFactura`, `idProducto`, `cantidad`) VALUES (55,404,389);
INSERT INTO `facturadetalle` (`idFactura`, `idProducto`, `cantidad`) VALUES (55,415,82);
INSERT INTO `facturadetalle` (`idFactura`, `idProducto`, `cantidad`) VALUES (55,483,219);
INSERT INTO `facturadetalle` (`idFactura`, `idProducto`, `cantidad`) VALUES (56,19,10);
INSERT INTO `facturadetalle` (`idFactura`, `idProducto`, `cantidad`) VALUES (56,112,129);
INSERT INTO `facturadetalle` (`idFactura`, `idProducto`, `cantidad`) VALUES (56,120,219);
INSERT INTO `facturadetalle` (`idFactura`, `idProducto`, `cantidad`) VALUES (56,311,397);
INSERT INTO `facturadetalle` (`idFactura`, `idProducto`, `cantidad`) VALUES (56,472,97);
INSERT INTO `facturadetalle` (`idFactura`, `idProducto`, `cantidad`) VALUES (56,475,328);
INSERT INTO `facturadetalle` (`idFactura`, `idProducto`, `cantidad`) VALUES (57,39,293);
INSERT INTO `facturadetalle` (`idFactura`, `idProducto`, `cantidad`) VALUES (58,332,23);
INSERT INTO `facturadetalle` (`idFactura`, `idProducto`, `cantidad`) VALUES (59,19,91);
INSERT INTO `facturadetalle` (`idFactura`, `idProducto`, `cantidad`) VALUES (59,69,135);
INSERT INTO `facturadetalle` (`idFactura`, `idProducto`, `cantidad`) VALUES (59,208,211);
INSERT INTO `facturadetalle` (`idFactura`, `idProducto`, `cantidad`) VALUES (59,293,97);
INSERT INTO `facturadetalle` (`idFactura`, `idProducto`, `cantidad`) VALUES (59,312,332);
INSERT INTO `facturadetalle` (`idFactura`, `idProducto`, `cantidad`) VALUES (59,344,341);
INSERT INTO `facturadetalle` (`idFactura`, `idProducto`, `cantidad`) VALUES (59,445,400);
INSERT INTO `facturadetalle` (`idFactura`, `idProducto`, `cantidad`) VALUES (59,455,120);
INSERT INTO `facturadetalle` (`idFactura`, `idProducto`, `cantidad`) VALUES (60,302,67);
INSERT INTO `facturadetalle` (`idFactura`, `idProducto`, `cantidad`) VALUES (60,337,319);
INSERT INTO `facturadetalle` (`idFactura`, `idProducto`, `cantidad`) VALUES (60,346,97);
INSERT INTO `facturadetalle` (`idFactura`, `idProducto`, `cantidad`) VALUES (60,388,333);
INSERT INTO `facturadetalle` (`idFactura`, `idProducto`, `cantidad`) VALUES (60,389,185);
INSERT INTO `facturadetalle` (`idFactura`, `idProducto`, `cantidad`) VALUES (60,405,357);
INSERT INTO `facturadetalle` (`idFactura`, `idProducto`, `cantidad`) VALUES (60,484,328);
INSERT INTO `facturadetalle` (`idFactura`, `idProducto`, `cantidad`) VALUES (61,31,55);
INSERT INTO `facturadetalle` (`idFactura`, `idProducto`, `cantidad`) VALUES (61,173,108);
INSERT INTO `facturadetalle` (`idFactura`, `idProducto`, `cantidad`) VALUES (61,216,300);
INSERT INTO `facturadetalle` (`idFactura`, `idProducto`, `cantidad`) VALUES (61,334,198);
INSERT INTO `facturadetalle` (`idFactura`, `idProducto`, `cantidad`) VALUES (61,359,66);
INSERT INTO `facturadetalle` (`idFactura`, `idProducto`, `cantidad`) VALUES (61,438,271);
INSERT INTO `facturadetalle` (`idFactura`, `idProducto`, `cantidad`) VALUES (62,15,202);
INSERT INTO `facturadetalle` (`idFactura`, `idProducto`, `cantidad`) VALUES (62,92,285);
INSERT INTO `facturadetalle` (`idFactura`, `idProducto`, `cantidad`) VALUES (62,138,58);
INSERT INTO `facturadetalle` (`idFactura`, `idProducto`, `cantidad`) VALUES (62,145,272);
INSERT INTO `facturadetalle` (`idFactura`, `idProducto`, `cantidad`) VALUES (62,178,21);
INSERT INTO `facturadetalle` (`idFactura`, `idProducto`, `cantidad`) VALUES (62,208,12);
INSERT INTO `facturadetalle` (`idFactura`, `idProducto`, `cantidad`) VALUES (62,330,165);
INSERT INTO `facturadetalle` (`idFactura`, `idProducto`, `cantidad`) VALUES (62,364,302);
INSERT INTO `facturadetalle` (`idFactura`, `idProducto`, `cantidad`) VALUES (62,394,300);
INSERT INTO `facturadetalle` (`idFactura`, `idProducto`, `cantidad`) VALUES (62,452,321);
INSERT INTO `facturadetalle` (`idFactura`, `idProducto`, `cantidad`) VALUES (63,324,192);
INSERT INTO `facturadetalle` (`idFactura`, `idProducto`, `cantidad`) VALUES (63,348,307);
INSERT INTO `facturadetalle` (`idFactura`, `idProducto`, `cantidad`) VALUES (63,354,272);
INSERT INTO `facturadetalle` (`idFactura`, `idProducto`, `cantidad`) VALUES (63,379,331);
INSERT INTO `facturadetalle` (`idFactura`, `idProducto`, `cantidad`) VALUES (63,434,35);
INSERT INTO `facturadetalle` (`idFactura`, `idProducto`, `cantidad`) VALUES (63,450,39);
INSERT INTO `facturadetalle` (`idFactura`, `idProducto`, `cantidad`) VALUES (64,55,280);
INSERT INTO `facturadetalle` (`idFactura`, `idProducto`, `cantidad`) VALUES (65,29,310);
INSERT INTO `facturadetalle` (`idFactura`, `idProducto`, `cantidad`) VALUES (65,274,336);
INSERT INTO `facturadetalle` (`idFactura`, `idProducto`, `cantidad`) VALUES (65,306,315);
INSERT INTO `facturadetalle` (`idFactura`, `idProducto`, `cantidad`) VALUES (66,29,148);
INSERT INTO `facturadetalle` (`idFactura`, `idProducto`, `cantidad`) VALUES (67,404,110);
INSERT INTO `facturadetalle` (`idFactura`, `idProducto`, `cantidad`) VALUES (67,460,13);
INSERT INTO `facturadetalle` (`idFactura`, `idProducto`, `cantidad`) VALUES (68,55,306);
INSERT INTO `facturadetalle` (`idFactura`, `idProducto`, `cantidad`) VALUES (68,224,42);
INSERT INTO `facturadetalle` (`idFactura`, `idProducto`, `cantidad`) VALUES (68,227,301);
INSERT INTO `facturadetalle` (`idFactura`, `idProducto`, `cantidad`) VALUES (68,238,392);
INSERT INTO `facturadetalle` (`idFactura`, `idProducto`, `cantidad`) VALUES (68,289,55);
INSERT INTO `facturadetalle` (`idFactura`, `idProducto`, `cantidad`) VALUES (68,356,12);
INSERT INTO `facturadetalle` (`idFactura`, `idProducto`, `cantidad`) VALUES (68,494,121);
INSERT INTO `facturadetalle` (`idFactura`, `idProducto`, `cantidad`) VALUES (69,269,226);
INSERT INTO `facturadetalle` (`idFactura`, `idProducto`, `cantidad`) VALUES (70,17,66);
INSERT INTO `facturadetalle` (`idFactura`, `idProducto`, `cantidad`) VALUES (70,69,6);
INSERT INTO `facturadetalle` (`idFactura`, `idProducto`, `cantidad`) VALUES (70,71,363);
INSERT INTO `facturadetalle` (`idFactura`, `idProducto`, `cantidad`) VALUES (70,171,68);
INSERT INTO `facturadetalle` (`idFactura`, `idProducto`, `cantidad`) VALUES (70,197,329);
INSERT INTO `facturadetalle` (`idFactura`, `idProducto`, `cantidad`) VALUES (70,271,328);
INSERT INTO `facturadetalle` (`idFactura`, `idProducto`, `cantidad`) VALUES (70,347,9);
INSERT INTO `facturadetalle` (`idFactura`, `idProducto`, `cantidad`) VALUES (70,496,151);
INSERT INTO `facturadetalle` (`idFactura`, `idProducto`, `cantidad`) VALUES (71,142,364);
INSERT INTO `facturadetalle` (`idFactura`, `idProducto`, `cantidad`) VALUES (71,439,314);
INSERT INTO `facturadetalle` (`idFactura`, `idProducto`, `cantidad`) VALUES (71,448,336);
INSERT INTO `facturadetalle` (`idFactura`, `idProducto`, `cantidad`) VALUES (71,449,279);
INSERT INTO `facturadetalle` (`idFactura`, `idProducto`, `cantidad`) VALUES (71,473,56);
INSERT INTO `facturadetalle` (`idFactura`, `idProducto`, `cantidad`) VALUES (72,188,68);
INSERT INTO `facturadetalle` (`idFactura`, `idProducto`, `cantidad`) VALUES (72,312,235);
INSERT INTO `facturadetalle` (`idFactura`, `idProducto`, `cantidad`) VALUES (72,335,342);
INSERT INTO `facturadetalle` (`idFactura`, `idProducto`, `cantidad`) VALUES (72,389,130);
INSERT INTO `facturadetalle` (`idFactura`, `idProducto`, `cantidad`) VALUES (73,77,83);
INSERT INTO `facturadetalle` (`idFactura`, `idProducto`, `cantidad`) VALUES (73,204,361);
INSERT INTO `facturadetalle` (`idFactura`, `idProducto`, `cantidad`) VALUES (74,12,379);
INSERT INTO `facturadetalle` (`idFactura`, `idProducto`, `cantidad`) VALUES (74,32,238);
INSERT INTO `facturadetalle` (`idFactura`, `idProducto`, `cantidad`) VALUES (74,146,345);
INSERT INTO `facturadetalle` (`idFactura`, `idProducto`, `cantidad`) VALUES (74,216,315);
INSERT INTO `facturadetalle` (`idFactura`, `idProducto`, `cantidad`) VALUES (74,283,218);
INSERT INTO `facturadetalle` (`idFactura`, `idProducto`, `cantidad`) VALUES (74,293,90);
INSERT INTO `facturadetalle` (`idFactura`, `idProducto`, `cantidad`) VALUES (74,347,158);
INSERT INTO `facturadetalle` (`idFactura`, `idProducto`, `cantidad`) VALUES (74,447,120);
INSERT INTO `facturadetalle` (`idFactura`, `idProducto`, `cantidad`) VALUES (74,459,284);
INSERT INTO `facturadetalle` (`idFactura`, `idProducto`, `cantidad`) VALUES (75,16,299);
INSERT INTO `facturadetalle` (`idFactura`, `idProducto`, `cantidad`) VALUES (75,44,112);
INSERT INTO `facturadetalle` (`idFactura`, `idProducto`, `cantidad`) VALUES (75,121,214);
INSERT INTO `facturadetalle` (`idFactura`, `idProducto`, `cantidad`) VALUES (75,255,130);
INSERT INTO `facturadetalle` (`idFactura`, `idProducto`, `cantidad`) VALUES (75,283,128);
INSERT INTO `facturadetalle` (`idFactura`, `idProducto`, `cantidad`) VALUES (75,328,238);
INSERT INTO `facturadetalle` (`idFactura`, `idProducto`, `cantidad`) VALUES (75,331,153);
INSERT INTO `facturadetalle` (`idFactura`, `idProducto`, `cantidad`) VALUES (75,337,274);
INSERT INTO `facturadetalle` (`idFactura`, `idProducto`, `cantidad`) VALUES (75,465,72);
INSERT INTO `facturadetalle` (`idFactura`, `idProducto`, `cantidad`) VALUES (76,105,353);
INSERT INTO `facturadetalle` (`idFactura`, `idProducto`, `cantidad`) VALUES (76,125,74);
INSERT INTO `facturadetalle` (`idFactura`, `idProducto`, `cantidad`) VALUES (76,149,287);
INSERT INTO `facturadetalle` (`idFactura`, `idProducto`, `cantidad`) VALUES (76,158,76);
INSERT INTO `facturadetalle` (`idFactura`, `idProducto`, `cantidad`) VALUES (76,256,332);
INSERT INTO `facturadetalle` (`idFactura`, `idProducto`, `cantidad`) VALUES (76,393,40);
INSERT INTO `facturadetalle` (`idFactura`, `idProducto`, `cantidad`) VALUES (77,302,66);
INSERT INTO `facturadetalle` (`idFactura`, `idProducto`, `cantidad`) VALUES (78,130,348);
INSERT INTO `facturadetalle` (`idFactura`, `idProducto`, `cantidad`) VALUES (78,155,7);
INSERT INTO `facturadetalle` (`idFactura`, `idProducto`, `cantidad`) VALUES (78,220,326);
INSERT INTO `facturadetalle` (`idFactura`, `idProducto`, `cantidad`) VALUES (78,224,130);
INSERT INTO `facturadetalle` (`idFactura`, `idProducto`, `cantidad`) VALUES (78,293,376);
INSERT INTO `facturadetalle` (`idFactura`, `idProducto`, `cantidad`) VALUES (78,363,106);
INSERT INTO `facturadetalle` (`idFactura`, `idProducto`, `cantidad`) VALUES (78,426,44);
INSERT INTO `facturadetalle` (`idFactura`, `idProducto`, `cantidad`) VALUES (79,18,86);
INSERT INTO `facturadetalle` (`idFactura`, `idProducto`, `cantidad`) VALUES (79,475,69);
INSERT INTO `facturadetalle` (`idFactura`, `idProducto`, `cantidad`) VALUES (80,466,255);
INSERT INTO `facturadetalle` (`idFactura`, `idProducto`, `cantidad`) VALUES (81,101,320);
INSERT INTO `facturadetalle` (`idFactura`, `idProducto`, `cantidad`) VALUES (81,144,319);
INSERT INTO `facturadetalle` (`idFactura`, `idProducto`, `cantidad`) VALUES (81,272,121);
INSERT INTO `facturadetalle` (`idFactura`, `idProducto`, `cantidad`) VALUES (82,15,340);
INSERT INTO `facturadetalle` (`idFactura`, `idProducto`, `cantidad`) VALUES (82,22,196);
INSERT INTO `facturadetalle` (`idFactura`, `idProducto`, `cantidad`) VALUES (82,50,386);
INSERT INTO `facturadetalle` (`idFactura`, `idProducto`, `cantidad`) VALUES (82,75,384);
INSERT INTO `facturadetalle` (`idFactura`, `idProducto`, `cantidad`) VALUES (82,149,16);
INSERT INTO `facturadetalle` (`idFactura`, `idProducto`, `cantidad`) VALUES (82,168,96);
INSERT INTO `facturadetalle` (`idFactura`, `idProducto`, `cantidad`) VALUES (82,209,365);
INSERT INTO `facturadetalle` (`idFactura`, `idProducto`, `cantidad`) VALUES (82,304,176);
INSERT INTO `facturadetalle` (`idFactura`, `idProducto`, `cantidad`) VALUES (82,468,267);
INSERT INTO `facturadetalle` (`idFactura`, `idProducto`, `cantidad`) VALUES (83,153,359);
INSERT INTO `facturadetalle` (`idFactura`, `idProducto`, `cantidad`) VALUES (83,339,374);
INSERT INTO `facturadetalle` (`idFactura`, `idProducto`, `cantidad`) VALUES (83,431,90);
INSERT INTO `facturadetalle` (`idFactura`, `idProducto`, `cantidad`) VALUES (83,476,384);
INSERT INTO `facturadetalle` (`idFactura`, `idProducto`, `cantidad`) VALUES (83,484,47);
INSERT INTO `facturadetalle` (`idFactura`, `idProducto`, `cantidad`) VALUES (84,57,315);
INSERT INTO `facturadetalle` (`idFactura`, `idProducto`, `cantidad`) VALUES (84,211,73);
INSERT INTO `facturadetalle` (`idFactura`, `idProducto`, `cantidad`) VALUES (84,380,238);
INSERT INTO `facturadetalle` (`idFactura`, `idProducto`, `cantidad`) VALUES (84,424,349);
INSERT INTO `facturadetalle` (`idFactura`, `idProducto`, `cantidad`) VALUES (84,442,350);
INSERT INTO `facturadetalle` (`idFactura`, `idProducto`, `cantidad`) VALUES (85,27,205);
INSERT INTO `facturadetalle` (`idFactura`, `idProducto`, `cantidad`) VALUES (85,31,283);
INSERT INTO `facturadetalle` (`idFactura`, `idProducto`, `cantidad`) VALUES (85,160,160);
INSERT INTO `facturadetalle` (`idFactura`, `idProducto`, `cantidad`) VALUES (85,350,252);
INSERT INTO `facturadetalle` (`idFactura`, `idProducto`, `cantidad`) VALUES (85,400,289);
INSERT INTO `facturadetalle` (`idFactura`, `idProducto`, `cantidad`) VALUES (86,55,329);
INSERT INTO `facturadetalle` (`idFactura`, `idProducto`, `cantidad`) VALUES (86,150,330);
INSERT INTO `facturadetalle` (`idFactura`, `idProducto`, `cantidad`) VALUES (86,217,370);
INSERT INTO `facturadetalle` (`idFactura`, `idProducto`, `cantidad`) VALUES (86,337,48);
INSERT INTO `facturadetalle` (`idFactura`, `idProducto`, `cantidad`) VALUES (86,357,382);
INSERT INTO `facturadetalle` (`idFactura`, `idProducto`, `cantidad`) VALUES (86,431,207);
INSERT INTO `facturadetalle` (`idFactura`, `idProducto`, `cantidad`) VALUES (86,495,35);
INSERT INTO `facturadetalle` (`idFactura`, `idProducto`, `cantidad`) VALUES (87,25,14);
INSERT INTO `facturadetalle` (`idFactura`, `idProducto`, `cantidad`) VALUES (87,57,206);
INSERT INTO `facturadetalle` (`idFactura`, `idProducto`, `cantidad`) VALUES (87,108,179);
INSERT INTO `facturadetalle` (`idFactura`, `idProducto`, `cantidad`) VALUES (87,475,76);
INSERT INTO `facturadetalle` (`idFactura`, `idProducto`, `cantidad`) VALUES (87,482,175);
INSERT INTO `facturadetalle` (`idFactura`, `idProducto`, `cantidad`) VALUES (88,78,58);
INSERT INTO `facturadetalle` (`idFactura`, `idProducto`, `cantidad`) VALUES (88,323,321);
INSERT INTO `facturadetalle` (`idFactura`, `idProducto`, `cantidad`) VALUES (88,353,332);
INSERT INTO `facturadetalle` (`idFactura`, `idProducto`, `cantidad`) VALUES (88,411,221);
INSERT INTO `facturadetalle` (`idFactura`, `idProducto`, `cantidad`) VALUES (88,485,67);
INSERT INTO `facturadetalle` (`idFactura`, `idProducto`, `cantidad`) VALUES (89,160,258);
INSERT INTO `facturadetalle` (`idFactura`, `idProducto`, `cantidad`) VALUES (89,168,102);
INSERT INTO `facturadetalle` (`idFactura`, `idProducto`, `cantidad`) VALUES (89,183,207);
INSERT INTO `facturadetalle` (`idFactura`, `idProducto`, `cantidad`) VALUES (89,462,235);
INSERT INTO `facturadetalle` (`idFactura`, `idProducto`, `cantidad`) VALUES (89,500,329);
INSERT INTO `facturadetalle` (`idFactura`, `idProducto`, `cantidad`) VALUES (90,1,324);
INSERT INTO `facturadetalle` (`idFactura`, `idProducto`, `cantidad`) VALUES (90,54,238);
INSERT INTO `facturadetalle` (`idFactura`, `idProducto`, `cantidad`) VALUES (90,84,274);
INSERT INTO `facturadetalle` (`idFactura`, `idProducto`, `cantidad`) VALUES (90,181,116);
INSERT INTO `facturadetalle` (`idFactura`, `idProducto`, `cantidad`) VALUES (90,254,138);
INSERT INTO `facturadetalle` (`idFactura`, `idProducto`, `cantidad`) VALUES (90,397,145);
INSERT INTO `facturadetalle` (`idFactura`, `idProducto`, `cantidad`) VALUES (90,445,207);
INSERT INTO `facturadetalle` (`idFactura`, `idProducto`, `cantidad`) VALUES (90,469,134);
INSERT INTO `facturadetalle` (`idFactura`, `idProducto`, `cantidad`) VALUES (91,42,171);
INSERT INTO `facturadetalle` (`idFactura`, `idProducto`, `cantidad`) VALUES (91,61,168);
INSERT INTO `facturadetalle` (`idFactura`, `idProducto`, `cantidad`) VALUES (91,84,397);
INSERT INTO `facturadetalle` (`idFactura`, `idProducto`, `cantidad`) VALUES (91,145,286);
INSERT INTO `facturadetalle` (`idFactura`, `idProducto`, `cantidad`) VALUES (91,200,119);
INSERT INTO `facturadetalle` (`idFactura`, `idProducto`, `cantidad`) VALUES (91,328,213);
INSERT INTO `facturadetalle` (`idFactura`, `idProducto`, `cantidad`) VALUES (91,386,77);
INSERT INTO `facturadetalle` (`idFactura`, `idProducto`, `cantidad`) VALUES (92,246,45);
INSERT INTO `facturadetalle` (`idFactura`, `idProducto`, `cantidad`) VALUES (92,288,203);
INSERT INTO `facturadetalle` (`idFactura`, `idProducto`, `cantidad`) VALUES (92,291,382);
INSERT INTO `facturadetalle` (`idFactura`, `idProducto`, `cantidad`) VALUES (92,443,353);
INSERT INTO `facturadetalle` (`idFactura`, `idProducto`, `cantidad`) VALUES (92,454,317);
INSERT INTO `facturadetalle` (`idFactura`, `idProducto`, `cantidad`) VALUES (92,464,147);
INSERT INTO `facturadetalle` (`idFactura`, `idProducto`, `cantidad`) VALUES (93,90,100);
INSERT INTO `facturadetalle` (`idFactura`, `idProducto`, `cantidad`) VALUES (93,121,43);
INSERT INTO `facturadetalle` (`idFactura`, `idProducto`, `cantidad`) VALUES (93,145,164);
INSERT INTO `facturadetalle` (`idFactura`, `idProducto`, `cantidad`) VALUES (93,221,52);
INSERT INTO `facturadetalle` (`idFactura`, `idProducto`, `cantidad`) VALUES (93,240,99);
INSERT INTO `facturadetalle` (`idFactura`, `idProducto`, `cantidad`) VALUES (93,415,164);
INSERT INTO `facturadetalle` (`idFactura`, `idProducto`, `cantidad`) VALUES (93,417,236);
INSERT INTO `facturadetalle` (`idFactura`, `idProducto`, `cantidad`) VALUES (93,492,378);
INSERT INTO `facturadetalle` (`idFactura`, `idProducto`, `cantidad`) VALUES (94,6,343);
INSERT INTO `facturadetalle` (`idFactura`, `idProducto`, `cantidad`) VALUES (94,156,23);
INSERT INTO `facturadetalle` (`idFactura`, `idProducto`, `cantidad`) VALUES (94,191,4);
INSERT INTO `facturadetalle` (`idFactura`, `idProducto`, `cantidad`) VALUES (94,268,377);
INSERT INTO `facturadetalle` (`idFactura`, `idProducto`, `cantidad`) VALUES (94,270,297);
INSERT INTO `facturadetalle` (`idFactura`, `idProducto`, `cantidad`) VALUES (94,309,169);
INSERT INTO `facturadetalle` (`idFactura`, `idProducto`, `cantidad`) VALUES (94,436,218);
INSERT INTO `facturadetalle` (`idFactura`, `idProducto`, `cantidad`) VALUES (95,127,246);
INSERT INTO `facturadetalle` (`idFactura`, `idProducto`, `cantidad`) VALUES (95,134,181);
INSERT INTO `facturadetalle` (`idFactura`, `idProducto`, `cantidad`) VALUES (95,198,189);
INSERT INTO `facturadetalle` (`idFactura`, `idProducto`, `cantidad`) VALUES (95,373,183);
INSERT INTO `facturadetalle` (`idFactura`, `idProducto`, `cantidad`) VALUES (95,479,352);
INSERT INTO `facturadetalle` (`idFactura`, `idProducto`, `cantidad`) VALUES (96,78,5);
INSERT INTO `facturadetalle` (`idFactura`, `idProducto`, `cantidad`) VALUES (96,100,340);
INSERT INTO `facturadetalle` (`idFactura`, `idProducto`, `cantidad`) VALUES (96,119,145);
INSERT INTO `facturadetalle` (`idFactura`, `idProducto`, `cantidad`) VALUES (96,153,153);
INSERT INTO `facturadetalle` (`idFactura`, `idProducto`, `cantidad`) VALUES (96,197,21);
INSERT INTO `facturadetalle` (`idFactura`, `idProducto`, `cantidad`) VALUES (96,312,254);
INSERT INTO `facturadetalle` (`idFactura`, `idProducto`, `cantidad`) VALUES (96,313,22);
INSERT INTO `facturadetalle` (`idFactura`, `idProducto`, `cantidad`) VALUES (96,333,93);
INSERT INTO `facturadetalle` (`idFactura`, `idProducto`, `cantidad`) VALUES (96,364,272);
INSERT INTO `facturadetalle` (`idFactura`, `idProducto`, `cantidad`) VALUES (96,480,40);
INSERT INTO `facturadetalle` (`idFactura`, `idProducto`, `cantidad`) VALUES (97,38,304);
INSERT INTO `facturadetalle` (`idFactura`, `idProducto`, `cantidad`) VALUES (97,77,316);
INSERT INTO `facturadetalle` (`idFactura`, `idProducto`, `cantidad`) VALUES (97,139,364);
INSERT INTO `facturadetalle` (`idFactura`, `idProducto`, `cantidad`) VALUES (97,349,219);
INSERT INTO `facturadetalle` (`idFactura`, `idProducto`, `cantidad`) VALUES (98,35,84);
INSERT INTO `facturadetalle` (`idFactura`, `idProducto`, `cantidad`) VALUES (98,45,352);
INSERT INTO `facturadetalle` (`idFactura`, `idProducto`, `cantidad`) VALUES (98,75,162);
INSERT INTO `facturadetalle` (`idFactura`, `idProducto`, `cantidad`) VALUES (98,103,353);
INSERT INTO `facturadetalle` (`idFactura`, `idProducto`, `cantidad`) VALUES (98,364,217);
INSERT INTO `facturadetalle` (`idFactura`, `idProducto`, `cantidad`) VALUES (98,408,26);
INSERT INTO `facturadetalle` (`idFactura`, `idProducto`, `cantidad`) VALUES (99,161,360);
INSERT INTO `facturadetalle` (`idFactura`, `idProducto`, `cantidad`) VALUES (99,205,72);
INSERT INTO `facturadetalle` (`idFactura`, `idProducto`, `cantidad`) VALUES (99,302,143);
INSERT INTO `facturadetalle` (`idFactura`, `idProducto`, `cantidad`) VALUES (99,318,108);
INSERT INTO `facturadetalle` (`idFactura`, `idProducto`, `cantidad`) VALUES (99,336,40);
INSERT INTO `facturadetalle` (`idFactura`, `idProducto`, `cantidad`) VALUES (99,370,82);
INSERT INTO `facturadetalle` (`idFactura`, `idProducto`, `cantidad`) VALUES (100,34,244);
INSERT INTO `facturadetalle` (`idFactura`, `idProducto`, `cantidad`) VALUES (100,242,27);
INSERT INTO `facturadetalle` (`idFactura`, `idProducto`, `cantidad`) VALUES (100,432,77);
INSERT INTO `facturadetalle` (`idFactura`, `idProducto`, `cantidad`) VALUES (101,6,247);
INSERT INTO `facturadetalle` (`idFactura`, `idProducto`, `cantidad`) VALUES (101,45,236);
INSERT INTO `facturadetalle` (`idFactura`, `idProducto`, `cantidad`) VALUES (101,98,39);
INSERT INTO `facturadetalle` (`idFactura`, `idProducto`, `cantidad`) VALUES (101,172,238);
INSERT INTO `facturadetalle` (`idFactura`, `idProducto`, `cantidad`) VALUES (101,218,253);
INSERT INTO `facturadetalle` (`idFactura`, `idProducto`, `cantidad`) VALUES (101,269,58);
INSERT INTO `facturadetalle` (`idFactura`, `idProducto`, `cantidad`) VALUES (101,319,122);
INSERT INTO `facturadetalle` (`idFactura`, `idProducto`, `cantidad`) VALUES (101,379,268);
INSERT INTO `facturadetalle` (`idFactura`, `idProducto`, `cantidad`) VALUES (101,402,112);
INSERT INTO `facturadetalle` (`idFactura`, `idProducto`, `cantidad`) VALUES (102,62,275);
INSERT INTO `facturadetalle` (`idFactura`, `idProducto`, `cantidad`) VALUES (102,79,161);
INSERT INTO `facturadetalle` (`idFactura`, `idProducto`, `cantidad`) VALUES (102,211,73);
INSERT INTO `facturadetalle` (`idFactura`, `idProducto`, `cantidad`) VALUES (102,250,1);
INSERT INTO `facturadetalle` (`idFactura`, `idProducto`, `cantidad`) VALUES (102,286,131);
INSERT INTO `facturadetalle` (`idFactura`, `idProducto`, `cantidad`) VALUES (102,300,139);
INSERT INTO `facturadetalle` (`idFactura`, `idProducto`, `cantidad`) VALUES (102,334,61);
INSERT INTO `facturadetalle` (`idFactura`, `idProducto`, `cantidad`) VALUES (102,341,182);
INSERT INTO `facturadetalle` (`idFactura`, `idProducto`, `cantidad`) VALUES (102,360,193);
INSERT INTO `facturadetalle` (`idFactura`, `idProducto`, `cantidad`) VALUES (102,400,66);
INSERT INTO `facturadetalle` (`idFactura`, `idProducto`, `cantidad`) VALUES (103,145,63);
INSERT INTO `facturadetalle` (`idFactura`, `idProducto`, `cantidad`) VALUES (103,366,129);
INSERT INTO `facturadetalle` (`idFactura`, `idProducto`, `cantidad`) VALUES (103,419,271);
INSERT INTO `facturadetalle` (`idFactura`, `idProducto`, `cantidad`) VALUES (103,498,154);
INSERT INTO `facturadetalle` (`idFactura`, `idProducto`, `cantidad`) VALUES (104,3,110);
INSERT INTO `facturadetalle` (`idFactura`, `idProducto`, `cantidad`) VALUES (104,165,381);
INSERT INTO `facturadetalle` (`idFactura`, `idProducto`, `cantidad`) VALUES (104,243,342);
INSERT INTO `facturadetalle` (`idFactura`, `idProducto`, `cantidad`) VALUES (104,365,362);
INSERT INTO `facturadetalle` (`idFactura`, `idProducto`, `cantidad`) VALUES (104,383,174);
INSERT INTO `facturadetalle` (`idFactura`, `idProducto`, `cantidad`) VALUES (104,433,180);
INSERT INTO `facturadetalle` (`idFactura`, `idProducto`, `cantidad`) VALUES (104,448,400);
INSERT INTO `facturadetalle` (`idFactura`, `idProducto`, `cantidad`) VALUES (104,474,9);
INSERT INTO `facturadetalle` (`idFactura`, `idProducto`, `cantidad`) VALUES (104,497,367);
INSERT INTO `facturadetalle` (`idFactura`, `idProducto`, `cantidad`) VALUES (105,70,194);
INSERT INTO `facturadetalle` (`idFactura`, `idProducto`, `cantidad`) VALUES (105,216,2);
INSERT INTO `facturadetalle` (`idFactura`, `idProducto`, `cantidad`) VALUES (105,429,202);
INSERT INTO `facturadetalle` (`idFactura`, `idProducto`, `cantidad`) VALUES (106,88,192);
INSERT INTO `facturadetalle` (`idFactura`, `idProducto`, `cantidad`) VALUES (106,108,16);
INSERT INTO `facturadetalle` (`idFactura`, `idProducto`, `cantidad`) VALUES (106,148,293);
INSERT INTO `facturadetalle` (`idFactura`, `idProducto`, `cantidad`) VALUES (106,228,349);
INSERT INTO `facturadetalle` (`idFactura`, `idProducto`, `cantidad`) VALUES (106,235,345);
INSERT INTO `facturadetalle` (`idFactura`, `idProducto`, `cantidad`) VALUES (106,267,349);
INSERT INTO `facturadetalle` (`idFactura`, `idProducto`, `cantidad`) VALUES (106,413,286);
INSERT INTO `facturadetalle` (`idFactura`, `idProducto`, `cantidad`) VALUES (106,466,20);
INSERT INTO `facturadetalle` (`idFactura`, `idProducto`, `cantidad`) VALUES (106,489,58);
INSERT INTO `facturadetalle` (`idFactura`, `idProducto`, `cantidad`) VALUES (107,120,390);
INSERT INTO `facturadetalle` (`idFactura`, `idProducto`, `cantidad`) VALUES (107,121,224);
INSERT INTO `facturadetalle` (`idFactura`, `idProducto`, `cantidad`) VALUES (107,148,138);
INSERT INTO `facturadetalle` (`idFactura`, `idProducto`, `cantidad`) VALUES (107,252,125);
INSERT INTO `facturadetalle` (`idFactura`, `idProducto`, `cantidad`) VALUES (107,350,328);
INSERT INTO `facturadetalle` (`idFactura`, `idProducto`, `cantidad`) VALUES (107,497,398);
INSERT INTO `facturadetalle` (`idFactura`, `idProducto`, `cantidad`) VALUES (108,435,4);
INSERT INTO `facturadetalle` (`idFactura`, `idProducto`, `cantidad`) VALUES (109,133,236);
INSERT INTO `facturadetalle` (`idFactura`, `idProducto`, `cantidad`) VALUES (109,150,288);
INSERT INTO `facturadetalle` (`idFactura`, `idProducto`, `cantidad`) VALUES (109,246,317);
INSERT INTO `facturadetalle` (`idFactura`, `idProducto`, `cantidad`) VALUES (110,225,129);
INSERT INTO `facturadetalle` (`idFactura`, `idProducto`, `cantidad`) VALUES (110,281,160);
INSERT INTO `facturadetalle` (`idFactura`, `idProducto`, `cantidad`) VALUES (110,398,316);
INSERT INTO `facturadetalle` (`idFactura`, `idProducto`, `cantidad`) VALUES (110,429,374);
INSERT INTO `facturadetalle` (`idFactura`, `idProducto`, `cantidad`) VALUES (110,480,83);
INSERT INTO `facturadetalle` (`idFactura`, `idProducto`, `cantidad`) VALUES (111,98,269);
INSERT INTO `facturadetalle` (`idFactura`, `idProducto`, `cantidad`) VALUES (111,127,356);
INSERT INTO `facturadetalle` (`idFactura`, `idProducto`, `cantidad`) VALUES (111,178,325);
INSERT INTO `facturadetalle` (`idFactura`, `idProducto`, `cantidad`) VALUES (111,238,367);
INSERT INTO `facturadetalle` (`idFactura`, `idProducto`, `cantidad`) VALUES (111,245,315);
INSERT INTO `facturadetalle` (`idFactura`, `idProducto`, `cantidad`) VALUES (111,270,142);
INSERT INTO `facturadetalle` (`idFactura`, `idProducto`, `cantidad`) VALUES (111,283,97);
INSERT INTO `facturadetalle` (`idFactura`, `idProducto`, `cantidad`) VALUES (111,404,325);
INSERT INTO `facturadetalle` (`idFactura`, `idProducto`, `cantidad`) VALUES (112,455,191);
INSERT INTO `facturadetalle` (`idFactura`, `idProducto`, `cantidad`) VALUES (113,144,53);
INSERT INTO `facturadetalle` (`idFactura`, `idProducto`, `cantidad`) VALUES (113,180,22);
INSERT INTO `facturadetalle` (`idFactura`, `idProducto`, `cantidad`) VALUES (113,204,355);
INSERT INTO `facturadetalle` (`idFactura`, `idProducto`, `cantidad`) VALUES (113,500,54);
INSERT INTO `facturadetalle` (`idFactura`, `idProducto`, `cantidad`) VALUES (114,359,345);
INSERT INTO `facturadetalle` (`idFactura`, `idProducto`, `cantidad`) VALUES (115,27,375);
INSERT INTO `facturadetalle` (`idFactura`, `idProducto`, `cantidad`) VALUES (115,212,214);
INSERT INTO `facturadetalle` (`idFactura`, `idProducto`, `cantidad`) VALUES (115,270,206);
INSERT INTO `facturadetalle` (`idFactura`, `idProducto`, `cantidad`) VALUES (115,315,263);
INSERT INTO `facturadetalle` (`idFactura`, `idProducto`, `cantidad`) VALUES (116,47,168);
INSERT INTO `facturadetalle` (`idFactura`, `idProducto`, `cantidad`) VALUES (116,97,22);
INSERT INTO `facturadetalle` (`idFactura`, `idProducto`, `cantidad`) VALUES (116,161,383);
INSERT INTO `facturadetalle` (`idFactura`, `idProducto`, `cantidad`) VALUES (116,203,111);
INSERT INTO `facturadetalle` (`idFactura`, `idProducto`, `cantidad`) VALUES (116,311,299);
INSERT INTO `facturadetalle` (`idFactura`, `idProducto`, `cantidad`) VALUES (117,27,345);
INSERT INTO `facturadetalle` (`idFactura`, `idProducto`, `cantidad`) VALUES (117,163,224);
INSERT INTO `facturadetalle` (`idFactura`, `idProducto`, `cantidad`) VALUES (117,209,74);
INSERT INTO `facturadetalle` (`idFactura`, `idProducto`, `cantidad`) VALUES (117,304,328);
INSERT INTO `facturadetalle` (`idFactura`, `idProducto`, `cantidad`) VALUES (117,310,241);
INSERT INTO `facturadetalle` (`idFactura`, `idProducto`, `cantidad`) VALUES (117,434,340);
INSERT INTO `facturadetalle` (`idFactura`, `idProducto`, `cantidad`) VALUES (118,12,130);
INSERT INTO `facturadetalle` (`idFactura`, `idProducto`, `cantidad`) VALUES (118,192,259);
INSERT INTO `facturadetalle` (`idFactura`, `idProducto`, `cantidad`) VALUES (118,292,111);
INSERT INTO `facturadetalle` (`idFactura`, `idProducto`, `cantidad`) VALUES (118,337,218);
INSERT INTO `facturadetalle` (`idFactura`, `idProducto`, `cantidad`) VALUES (118,485,182);
INSERT INTO `facturadetalle` (`idFactura`, `idProducto`, `cantidad`) VALUES (119,439,10);
INSERT INTO `facturadetalle` (`idFactura`, `idProducto`, `cantidad`) VALUES (119,489,194);
INSERT INTO `facturadetalle` (`idFactura`, `idProducto`, `cantidad`) VALUES (120,52,35);
INSERT INTO `facturadetalle` (`idFactura`, `idProducto`, `cantidad`) VALUES (120,102,201);
INSERT INTO `facturadetalle` (`idFactura`, `idProducto`, `cantidad`) VALUES (120,134,381);
INSERT INTO `facturadetalle` (`idFactura`, `idProducto`, `cantidad`) VALUES (120,235,170);
INSERT INTO `facturadetalle` (`idFactura`, `idProducto`, `cantidad`) VALUES (120,241,282);
INSERT INTO `facturadetalle` (`idFactura`, `idProducto`, `cantidad`) VALUES (120,251,5);
INSERT INTO `facturadetalle` (`idFactura`, `idProducto`, `cantidad`) VALUES (120,309,261);
INSERT INTO `facturadetalle` (`idFactura`, `idProducto`, `cantidad`) VALUES (121,40,400);
INSERT INTO `facturadetalle` (`idFactura`, `idProducto`, `cantidad`) VALUES (121,132,201);
INSERT INTO `facturadetalle` (`idFactura`, `idProducto`, `cantidad`) VALUES (121,175,101);
INSERT INTO `facturadetalle` (`idFactura`, `idProducto`, `cantidad`) VALUES (121,248,331);
INSERT INTO `facturadetalle` (`idFactura`, `idProducto`, `cantidad`) VALUES (121,262,231);
INSERT INTO `facturadetalle` (`idFactura`, `idProducto`, `cantidad`) VALUES (121,289,143);
INSERT INTO `facturadetalle` (`idFactura`, `idProducto`, `cantidad`) VALUES (121,294,359);
INSERT INTO `facturadetalle` (`idFactura`, `idProducto`, `cantidad`) VALUES (121,362,212);
INSERT INTO `facturadetalle` (`idFactura`, `idProducto`, `cantidad`) VALUES (121,404,20);
INSERT INTO `facturadetalle` (`idFactura`, `idProducto`, `cantidad`) VALUES (122,5,66);
INSERT INTO `facturadetalle` (`idFactura`, `idProducto`, `cantidad`) VALUES (122,130,10);
INSERT INTO `facturadetalle` (`idFactura`, `idProducto`, `cantidad`) VALUES (122,300,289);
INSERT INTO `facturadetalle` (`idFactura`, `idProducto`, `cantidad`) VALUES (122,303,84);
INSERT INTO `facturadetalle` (`idFactura`, `idProducto`, `cantidad`) VALUES (122,457,394);
INSERT INTO `facturadetalle` (`idFactura`, `idProducto`, `cantidad`) VALUES (123,15,298);
INSERT INTO `facturadetalle` (`idFactura`, `idProducto`, `cantidad`) VALUES (123,44,348);
INSERT INTO `facturadetalle` (`idFactura`, `idProducto`, `cantidad`) VALUES (123,86,252);
INSERT INTO `facturadetalle` (`idFactura`, `idProducto`, `cantidad`) VALUES (123,122,23);
INSERT INTO `facturadetalle` (`idFactura`, `idProducto`, `cantidad`) VALUES (123,131,208);
INSERT INTO `facturadetalle` (`idFactura`, `idProducto`, `cantidad`) VALUES (123,208,24);
INSERT INTO `facturadetalle` (`idFactura`, `idProducto`, `cantidad`) VALUES (123,345,377);
INSERT INTO `facturadetalle` (`idFactura`, `idProducto`, `cantidad`) VALUES (123,359,72);
INSERT INTO `facturadetalle` (`idFactura`, `idProducto`, `cantidad`) VALUES (123,496,333);
INSERT INTO `facturadetalle` (`idFactura`, `idProducto`, `cantidad`) VALUES (124,97,221);
INSERT INTO `facturadetalle` (`idFactura`, `idProducto`, `cantidad`) VALUES (124,123,187);
INSERT INTO `facturadetalle` (`idFactura`, `idProducto`, `cantidad`) VALUES (124,125,248);
INSERT INTO `facturadetalle` (`idFactura`, `idProducto`, `cantidad`) VALUES (124,187,377);
INSERT INTO `facturadetalle` (`idFactura`, `idProducto`, `cantidad`) VALUES (124,244,223);
INSERT INTO `facturadetalle` (`idFactura`, `idProducto`, `cantidad`) VALUES (124,245,227);
INSERT INTO `facturadetalle` (`idFactura`, `idProducto`, `cantidad`) VALUES (124,270,357);
INSERT INTO `facturadetalle` (`idFactura`, `idProducto`, `cantidad`) VALUES (124,272,327);
INSERT INTO `facturadetalle` (`idFactura`, `idProducto`, `cantidad`) VALUES (124,391,2);
INSERT INTO `facturadetalle` (`idFactura`, `idProducto`, `cantidad`) VALUES (125,53,287);
INSERT INTO `facturadetalle` (`idFactura`, `idProducto`, `cantidad`) VALUES (125,113,343);
INSERT INTO `facturadetalle` (`idFactura`, `idProducto`, `cantidad`) VALUES (125,137,304);
INSERT INTO `facturadetalle` (`idFactura`, `idProducto`, `cantidad`) VALUES (125,144,224);
INSERT INTO `facturadetalle` (`idFactura`, `idProducto`, `cantidad`) VALUES (126,72,318);
INSERT INTO `facturadetalle` (`idFactura`, `idProducto`, `cantidad`) VALUES (126,144,123);
INSERT INTO `facturadetalle` (`idFactura`, `idProducto`, `cantidad`) VALUES (126,245,197);
INSERT INTO `facturadetalle` (`idFactura`, `idProducto`, `cantidad`) VALUES (126,313,70);
INSERT INTO `facturadetalle` (`idFactura`, `idProducto`, `cantidad`) VALUES (126,366,7);
INSERT INTO `facturadetalle` (`idFactura`, `idProducto`, `cantidad`) VALUES (126,405,138);
INSERT INTO `facturadetalle` (`idFactura`, `idProducto`, `cantidad`) VALUES (126,462,219);
INSERT INTO `facturadetalle` (`idFactura`, `idProducto`, `cantidad`) VALUES (126,472,103);
INSERT INTO `facturadetalle` (`idFactura`, `idProducto`, `cantidad`) VALUES (127,84,105);
INSERT INTO `facturadetalle` (`idFactura`, `idProducto`, `cantidad`) VALUES (127,113,362);
INSERT INTO `facturadetalle` (`idFactura`, `idProducto`, `cantidad`) VALUES (127,123,67);
INSERT INTO `facturadetalle` (`idFactura`, `idProducto`, `cantidad`) VALUES (127,152,190);
INSERT INTO `facturadetalle` (`idFactura`, `idProducto`, `cantidad`) VALUES (127,257,312);
INSERT INTO `facturadetalle` (`idFactura`, `idProducto`, `cantidad`) VALUES (127,372,165);
INSERT INTO `facturadetalle` (`idFactura`, `idProducto`, `cantidad`) VALUES (127,496,180);
INSERT INTO `facturadetalle` (`idFactura`, `idProducto`, `cantidad`) VALUES (128,39,7);
INSERT INTO `facturadetalle` (`idFactura`, `idProducto`, `cantidad`) VALUES (128,41,52);
INSERT INTO `facturadetalle` (`idFactura`, `idProducto`, `cantidad`) VALUES (128,105,79);
INSERT INTO `facturadetalle` (`idFactura`, `idProducto`, `cantidad`) VALUES (128,186,291);
INSERT INTO `facturadetalle` (`idFactura`, `idProducto`, `cantidad`) VALUES (128,190,291);
INSERT INTO `facturadetalle` (`idFactura`, `idProducto`, `cantidad`) VALUES (128,289,23);
INSERT INTO `facturadetalle` (`idFactura`, `idProducto`, `cantidad`) VALUES (128,490,310);
INSERT INTO `facturadetalle` (`idFactura`, `idProducto`, `cantidad`) VALUES (129,133,152);
INSERT INTO `facturadetalle` (`idFactura`, `idProducto`, `cantidad`) VALUES (129,134,14);
INSERT INTO `facturadetalle` (`idFactura`, `idProducto`, `cantidad`) VALUES (129,161,135);
INSERT INTO `facturadetalle` (`idFactura`, `idProducto`, `cantidad`) VALUES (129,247,245);
INSERT INTO `facturadetalle` (`idFactura`, `idProducto`, `cantidad`) VALUES (129,305,32);
INSERT INTO `facturadetalle` (`idFactura`, `idProducto`, `cantidad`) VALUES (129,313,27);
INSERT INTO `facturadetalle` (`idFactura`, `idProducto`, `cantidad`) VALUES (129,317,342);
INSERT INTO `facturadetalle` (`idFactura`, `idProducto`, `cantidad`) VALUES (129,370,307);
INSERT INTO `facturadetalle` (`idFactura`, `idProducto`, `cantidad`) VALUES (129,453,19);
INSERT INTO `facturadetalle` (`idFactura`, `idProducto`, `cantidad`) VALUES (130,118,215);
INSERT INTO `facturadetalle` (`idFactura`, `idProducto`, `cantidad`) VALUES (130,147,240);
INSERT INTO `facturadetalle` (`idFactura`, `idProducto`, `cantidad`) VALUES (130,251,260);
INSERT INTO `facturadetalle` (`idFactura`, `idProducto`, `cantidad`) VALUES (130,261,72);
INSERT INTO `facturadetalle` (`idFactura`, `idProducto`, `cantidad`) VALUES (130,278,207);
INSERT INTO `facturadetalle` (`idFactura`, `idProducto`, `cantidad`) VALUES (130,282,258);
INSERT INTO `facturadetalle` (`idFactura`, `idProducto`, `cantidad`) VALUES (130,347,250);
INSERT INTO `facturadetalle` (`idFactura`, `idProducto`, `cantidad`) VALUES (130,483,112);
INSERT INTO `facturadetalle` (`idFactura`, `idProducto`, `cantidad`) VALUES (131,182,53);
INSERT INTO `facturadetalle` (`idFactura`, `idProducto`, `cantidad`) VALUES (132,458,357);
INSERT INTO `facturadetalle` (`idFactura`, `idProducto`, `cantidad`) VALUES (133,29,268);
INSERT INTO `facturadetalle` (`idFactura`, `idProducto`, `cantidad`) VALUES (133,134,40);
INSERT INTO `facturadetalle` (`idFactura`, `idProducto`, `cantidad`) VALUES (133,158,82);
INSERT INTO `facturadetalle` (`idFactura`, `idProducto`, `cantidad`) VALUES (133,242,219);
INSERT INTO `facturadetalle` (`idFactura`, `idProducto`, `cantidad`) VALUES (133,336,208);
INSERT INTO `facturadetalle` (`idFactura`, `idProducto`, `cantidad`) VALUES (134,65,123);
INSERT INTO `facturadetalle` (`idFactura`, `idProducto`, `cantidad`) VALUES (134,76,272);
INSERT INTO `facturadetalle` (`idFactura`, `idProducto`, `cantidad`) VALUES (134,79,236);
INSERT INTO `facturadetalle` (`idFactura`, `idProducto`, `cantidad`) VALUES (134,105,360);
INSERT INTO `facturadetalle` (`idFactura`, `idProducto`, `cantidad`) VALUES (134,339,119);
INSERT INTO `facturadetalle` (`idFactura`, `idProducto`, `cantidad`) VALUES (134,414,248);
INSERT INTO `facturadetalle` (`idFactura`, `idProducto`, `cantidad`) VALUES (134,436,3);
INSERT INTO `facturadetalle` (`idFactura`, `idProducto`, `cantidad`) VALUES (135,107,63);
INSERT INTO `facturadetalle` (`idFactura`, `idProducto`, `cantidad`) VALUES (135,115,133);
INSERT INTO `facturadetalle` (`idFactura`, `idProducto`, `cantidad`) VALUES (135,141,378);
INSERT INTO `facturadetalle` (`idFactura`, `idProducto`, `cantidad`) VALUES (135,185,123);
INSERT INTO `facturadetalle` (`idFactura`, `idProducto`, `cantidad`) VALUES (135,200,113);
INSERT INTO `facturadetalle` (`idFactura`, `idProducto`, `cantidad`) VALUES (135,214,102);
INSERT INTO `facturadetalle` (`idFactura`, `idProducto`, `cantidad`) VALUES (135,363,398);
INSERT INTO `facturadetalle` (`idFactura`, `idProducto`, `cantidad`) VALUES (135,397,138);
INSERT INTO `facturadetalle` (`idFactura`, `idProducto`, `cantidad`) VALUES (135,432,134);
INSERT INTO `facturadetalle` (`idFactura`, `idProducto`, `cantidad`) VALUES (136,21,281);
INSERT INTO `facturadetalle` (`idFactura`, `idProducto`, `cantidad`) VALUES (136,226,388);
INSERT INTO `facturadetalle` (`idFactura`, `idProducto`, `cantidad`) VALUES (136,244,175);
INSERT INTO `facturadetalle` (`idFactura`, `idProducto`, `cantidad`) VALUES (136,270,43);
INSERT INTO `facturadetalle` (`idFactura`, `idProducto`, `cantidad`) VALUES (136,271,212);
INSERT INTO `facturadetalle` (`idFactura`, `idProducto`, `cantidad`) VALUES (136,273,330);
INSERT INTO `facturadetalle` (`idFactura`, `idProducto`, `cantidad`) VALUES (136,363,111);
INSERT INTO `facturadetalle` (`idFactura`, `idProducto`, `cantidad`) VALUES (136,367,61);
INSERT INTO `facturadetalle` (`idFactura`, `idProducto`, `cantidad`) VALUES (136,422,202);
INSERT INTO `facturadetalle` (`idFactura`, `idProducto`, `cantidad`) VALUES (136,435,113);
INSERT INTO `facturadetalle` (`idFactura`, `idProducto`, `cantidad`) VALUES (137,94,57);
INSERT INTO `facturadetalle` (`idFactura`, `idProducto`, `cantidad`) VALUES (137,147,102);
INSERT INTO `facturadetalle` (`idFactura`, `idProducto`, `cantidad`) VALUES (137,276,237);
INSERT INTO `facturadetalle` (`idFactura`, `idProducto`, `cantidad`) VALUES (137,294,313);
INSERT INTO `facturadetalle` (`idFactura`, `idProducto`, `cantidad`) VALUES (137,373,281);
INSERT INTO `facturadetalle` (`idFactura`, `idProducto`, `cantidad`) VALUES (137,384,172);
INSERT INTO `facturadetalle` (`idFactura`, `idProducto`, `cantidad`) VALUES (137,408,122);
INSERT INTO `facturadetalle` (`idFactura`, `idProducto`, `cantidad`) VALUES (137,462,271);
INSERT INTO `facturadetalle` (`idFactura`, `idProducto`, `cantidad`) VALUES (138,9,303);
INSERT INTO `facturadetalle` (`idFactura`, `idProducto`, `cantidad`) VALUES (138,59,288);
INSERT INTO `facturadetalle` (`idFactura`, `idProducto`, `cantidad`) VALUES (139,88,152);
INSERT INTO `facturadetalle` (`idFactura`, `idProducto`, `cantidad`) VALUES (139,189,47);
INSERT INTO `facturadetalle` (`idFactura`, `idProducto`, `cantidad`) VALUES (139,206,221);
INSERT INTO `facturadetalle` (`idFactura`, `idProducto`, `cantidad`) VALUES (139,286,199);
INSERT INTO `facturadetalle` (`idFactura`, `idProducto`, `cantidad`) VALUES (139,430,70);
INSERT INTO `facturadetalle` (`idFactura`, `idProducto`, `cantidad`) VALUES (139,485,285);
INSERT INTO `facturadetalle` (`idFactura`, `idProducto`, `cantidad`) VALUES (140,14,60);
INSERT INTO `facturadetalle` (`idFactura`, `idProducto`, `cantidad`) VALUES (140,124,9);
INSERT INTO `facturadetalle` (`idFactura`, `idProducto`, `cantidad`) VALUES (140,415,7);
INSERT INTO `facturadetalle` (`idFactura`, `idProducto`, `cantidad`) VALUES (141,9,205);
INSERT INTO `facturadetalle` (`idFactura`, `idProducto`, `cantidad`) VALUES (141,54,31);
INSERT INTO `facturadetalle` (`idFactura`, `idProducto`, `cantidad`) VALUES (141,57,254);
INSERT INTO `facturadetalle` (`idFactura`, `idProducto`, `cantidad`) VALUES (141,78,34);
INSERT INTO `facturadetalle` (`idFactura`, `idProducto`, `cantidad`) VALUES (141,132,352);
INSERT INTO `facturadetalle` (`idFactura`, `idProducto`, `cantidad`) VALUES (141,287,111);
INSERT INTO `facturadetalle` (`idFactura`, `idProducto`, `cantidad`) VALUES (141,323,350);
INSERT INTO `facturadetalle` (`idFactura`, `idProducto`, `cantidad`) VALUES (141,330,288);
INSERT INTO `facturadetalle` (`idFactura`, `idProducto`, `cantidad`) VALUES (142,128,273);
INSERT INTO `facturadetalle` (`idFactura`, `idProducto`, `cantidad`) VALUES (142,276,262);
INSERT INTO `facturadetalle` (`idFactura`, `idProducto`, `cantidad`) VALUES (142,390,338);
INSERT INTO `facturadetalle` (`idFactura`, `idProducto`, `cantidad`) VALUES (142,500,392);
INSERT INTO `facturadetalle` (`idFactura`, `idProducto`, `cantidad`) VALUES (143,23,23);
INSERT INTO `facturadetalle` (`idFactura`, `idProducto`, `cantidad`) VALUES (143,75,184);
INSERT INTO `facturadetalle` (`idFactura`, `idProducto`, `cantidad`) VALUES (143,139,296);
INSERT INTO `facturadetalle` (`idFactura`, `idProducto`, `cantidad`) VALUES (143,154,41);
INSERT INTO `facturadetalle` (`idFactura`, `idProducto`, `cantidad`) VALUES (143,228,130);
INSERT INTO `facturadetalle` (`idFactura`, `idProducto`, `cantidad`) VALUES (143,307,139);
INSERT INTO `facturadetalle` (`idFactura`, `idProducto`, `cantidad`) VALUES (144,14,266);
INSERT INTO `facturadetalle` (`idFactura`, `idProducto`, `cantidad`) VALUES (144,108,368);
INSERT INTO `facturadetalle` (`idFactura`, `idProducto`, `cantidad`) VALUES (144,163,325);
INSERT INTO `facturadetalle` (`idFactura`, `idProducto`, `cantidad`) VALUES (144,262,293);
INSERT INTO `facturadetalle` (`idFactura`, `idProducto`, `cantidad`) VALUES (144,349,55);
INSERT INTO `facturadetalle` (`idFactura`, `idProducto`, `cantidad`) VALUES (144,368,189);
INSERT INTO `facturadetalle` (`idFactura`, `idProducto`, `cantidad`) VALUES (144,464,7);
INSERT INTO `facturadetalle` (`idFactura`, `idProducto`, `cantidad`) VALUES (144,491,211);
INSERT INTO `facturadetalle` (`idFactura`, `idProducto`, `cantidad`) VALUES (144,497,379);
INSERT INTO `facturadetalle` (`idFactura`, `idProducto`, `cantidad`) VALUES (145,91,377);
INSERT INTO `facturadetalle` (`idFactura`, `idProducto`, `cantidad`) VALUES (145,134,156);
INSERT INTO `facturadetalle` (`idFactura`, `idProducto`, `cantidad`) VALUES (145,215,350);
INSERT INTO `facturadetalle` (`idFactura`, `idProducto`, `cantidad`) VALUES (145,275,237);
INSERT INTO `facturadetalle` (`idFactura`, `idProducto`, `cantidad`) VALUES (145,365,46);
INSERT INTO `facturadetalle` (`idFactura`, `idProducto`, `cantidad`) VALUES (145,404,86);
INSERT INTO `facturadetalle` (`idFactura`, `idProducto`, `cantidad`) VALUES (146,167,257);
INSERT INTO `facturadetalle` (`idFactura`, `idProducto`, `cantidad`) VALUES (146,168,180);
INSERT INTO `facturadetalle` (`idFactura`, `idProducto`, `cantidad`) VALUES (146,456,214);
INSERT INTO `facturadetalle` (`idFactura`, `idProducto`, `cantidad`) VALUES (147,109,287);
INSERT INTO `facturadetalle` (`idFactura`, `idProducto`, `cantidad`) VALUES (147,115,330);
INSERT INTO `facturadetalle` (`idFactura`, `idProducto`, `cantidad`) VALUES (147,119,387);
INSERT INTO `facturadetalle` (`idFactura`, `idProducto`, `cantidad`) VALUES (147,236,88);
INSERT INTO `facturadetalle` (`idFactura`, `idProducto`, `cantidad`) VALUES (147,297,91);
INSERT INTO `facturadetalle` (`idFactura`, `idProducto`, `cantidad`) VALUES (147,339,222);
INSERT INTO `facturadetalle` (`idFactura`, `idProducto`, `cantidad`) VALUES (147,365,24);
INSERT INTO `facturadetalle` (`idFactura`, `idProducto`, `cantidad`) VALUES (147,471,221);
INSERT INTO `facturadetalle` (`idFactura`, `idProducto`, `cantidad`) VALUES (148,50,96);
INSERT INTO `facturadetalle` (`idFactura`, `idProducto`, `cantidad`) VALUES (148,305,177);
INSERT INTO `facturadetalle` (`idFactura`, `idProducto`, `cantidad`) VALUES (148,307,375);
INSERT INTO `facturadetalle` (`idFactura`, `idProducto`, `cantidad`) VALUES (148,388,368);
INSERT INTO `facturadetalle` (`idFactura`, `idProducto`, `cantidad`) VALUES (149,77,30);
INSERT INTO `facturadetalle` (`idFactura`, `idProducto`, `cantidad`) VALUES (149,165,138);
INSERT INTO `facturadetalle` (`idFactura`, `idProducto`, `cantidad`) VALUES (149,251,221);
INSERT INTO `facturadetalle` (`idFactura`, `idProducto`, `cantidad`) VALUES (149,318,272);
INSERT INTO `facturadetalle` (`idFactura`, `idProducto`, `cantidad`) VALUES (149,497,201);
INSERT INTO `facturadetalle` (`idFactura`, `idProducto`, `cantidad`) VALUES (150,460,90);
INSERT INTO `facturadetalle` (`idFactura`, `idProducto`, `cantidad`) VALUES (151,34,311);
INSERT INTO `facturadetalle` (`idFactura`, `idProducto`, `cantidad`) VALUES (151,59,388);
INSERT INTO `facturadetalle` (`idFactura`, `idProducto`, `cantidad`) VALUES (151,182,354);
INSERT INTO `facturadetalle` (`idFactura`, `idProducto`, `cantidad`) VALUES (151,340,176);
INSERT INTO `facturadetalle` (`idFactura`, `idProducto`, `cantidad`) VALUES (151,435,162);
INSERT INTO `facturadetalle` (`idFactura`, `idProducto`, `cantidad`) VALUES (152,38,93);
INSERT INTO `facturadetalle` (`idFactura`, `idProducto`, `cantidad`) VALUES (153,197,210);
INSERT INTO `facturadetalle` (`idFactura`, `idProducto`, `cantidad`) VALUES (153,398,260);
INSERT INTO `facturadetalle` (`idFactura`, `idProducto`, `cantidad`) VALUES (154,30,80);
INSERT INTO `facturadetalle` (`idFactura`, `idProducto`, `cantidad`) VALUES (154,45,85);
INSERT INTO `facturadetalle` (`idFactura`, `idProducto`, `cantidad`) VALUES (154,81,332);
INSERT INTO `facturadetalle` (`idFactura`, `idProducto`, `cantidad`) VALUES (154,254,79);
INSERT INTO `facturadetalle` (`idFactura`, `idProducto`, `cantidad`) VALUES (154,260,254);
INSERT INTO `facturadetalle` (`idFactura`, `idProducto`, `cantidad`) VALUES (154,289,105);
INSERT INTO `facturadetalle` (`idFactura`, `idProducto`, `cantidad`) VALUES (154,353,253);
INSERT INTO `facturadetalle` (`idFactura`, `idProducto`, `cantidad`) VALUES (154,397,98);
INSERT INTO `facturadetalle` (`idFactura`, `idProducto`, `cantidad`) VALUES (154,423,139);
INSERT INTO `facturadetalle` (`idFactura`, `idProducto`, `cantidad`) VALUES (154,491,36);
INSERT INTO `facturadetalle` (`idFactura`, `idProducto`, `cantidad`) VALUES (155,447,374);
INSERT INTO `facturadetalle` (`idFactura`, `idProducto`, `cantidad`) VALUES (155,467,276);
INSERT INTO `facturadetalle` (`idFactura`, `idProducto`, `cantidad`) VALUES (156,56,303);
INSERT INTO `facturadetalle` (`idFactura`, `idProducto`, `cantidad`) VALUES (156,114,149);
INSERT INTO `facturadetalle` (`idFactura`, `idProducto`, `cantidad`) VALUES (156,176,66);
INSERT INTO `facturadetalle` (`idFactura`, `idProducto`, `cantidad`) VALUES (156,180,113);
INSERT INTO `facturadetalle` (`idFactura`, `idProducto`, `cantidad`) VALUES (156,195,380);
INSERT INTO `facturadetalle` (`idFactura`, `idProducto`, `cantidad`) VALUES (156,213,61);
INSERT INTO `facturadetalle` (`idFactura`, `idProducto`, `cantidad`) VALUES (156,251,271);
INSERT INTO `facturadetalle` (`idFactura`, `idProducto`, `cantidad`) VALUES (156,406,70);
INSERT INTO `facturadetalle` (`idFactura`, `idProducto`, `cantidad`) VALUES (157,4,338);
INSERT INTO `facturadetalle` (`idFactura`, `idProducto`, `cantidad`) VALUES (157,50,141);
INSERT INTO `facturadetalle` (`idFactura`, `idProducto`, `cantidad`) VALUES (157,65,6);
INSERT INTO `facturadetalle` (`idFactura`, `idProducto`, `cantidad`) VALUES (157,92,51);
INSERT INTO `facturadetalle` (`idFactura`, `idProducto`, `cantidad`) VALUES (157,185,252);
INSERT INTO `facturadetalle` (`idFactura`, `idProducto`, `cantidad`) VALUES (157,211,179);
INSERT INTO `facturadetalle` (`idFactura`, `idProducto`, `cantidad`) VALUES (157,266,95);
INSERT INTO `facturadetalle` (`idFactura`, `idProducto`, `cantidad`) VALUES (157,305,341);
INSERT INTO `facturadetalle` (`idFactura`, `idProducto`, `cantidad`) VALUES (157,338,397);
INSERT INTO `facturadetalle` (`idFactura`, `idProducto`, `cantidad`) VALUES (158,170,116);
INSERT INTO `facturadetalle` (`idFactura`, `idProducto`, `cantidad`) VALUES (158,182,137);
INSERT INTO `facturadetalle` (`idFactura`, `idProducto`, `cantidad`) VALUES (158,213,384);
INSERT INTO `facturadetalle` (`idFactura`, `idProducto`, `cantidad`) VALUES (159,91,194);
INSERT INTO `facturadetalle` (`idFactura`, `idProducto`, `cantidad`) VALUES (159,115,274);
INSERT INTO `facturadetalle` (`idFactura`, `idProducto`, `cantidad`) VALUES (159,142,84);
INSERT INTO `facturadetalle` (`idFactura`, `idProducto`, `cantidad`) VALUES (159,378,270);
INSERT INTO `facturadetalle` (`idFactura`, `idProducto`, `cantidad`) VALUES (159,387,295);
INSERT INTO `facturadetalle` (`idFactura`, `idProducto`, `cantidad`) VALUES (159,390,43);
INSERT INTO `facturadetalle` (`idFactura`, `idProducto`, `cantidad`) VALUES (159,417,348);
INSERT INTO `facturadetalle` (`idFactura`, `idProducto`, `cantidad`) VALUES (160,263,23);
INSERT INTO `facturadetalle` (`idFactura`, `idProducto`, `cantidad`) VALUES (160,337,153);
INSERT INTO `facturadetalle` (`idFactura`, `idProducto`, `cantidad`) VALUES (161,194,161);
INSERT INTO `facturadetalle` (`idFactura`, `idProducto`, `cantidad`) VALUES (162,195,245);
INSERT INTO `facturadetalle` (`idFactura`, `idProducto`, `cantidad`) VALUES (162,249,323);
INSERT INTO `facturadetalle` (`idFactura`, `idProducto`, `cantidad`) VALUES (162,446,184);
INSERT INTO `facturadetalle` (`idFactura`, `idProducto`, `cantidad`) VALUES (163,209,331);
INSERT INTO `facturadetalle` (`idFactura`, `idProducto`, `cantidad`) VALUES (164,18,382);
INSERT INTO `facturadetalle` (`idFactura`, `idProducto`, `cantidad`) VALUES (164,112,383);
INSERT INTO `facturadetalle` (`idFactura`, `idProducto`, `cantidad`) VALUES (164,179,372);
INSERT INTO `facturadetalle` (`idFactura`, `idProducto`, `cantidad`) VALUES (164,217,362);
INSERT INTO `facturadetalle` (`idFactura`, `idProducto`, `cantidad`) VALUES (164,257,264);
INSERT INTO `facturadetalle` (`idFactura`, `idProducto`, `cantidad`) VALUES (165,54,48);
INSERT INTO `facturadetalle` (`idFactura`, `idProducto`, `cantidad`) VALUES (165,215,329);
INSERT INTO `facturadetalle` (`idFactura`, `idProducto`, `cantidad`) VALUES (165,266,161);
INSERT INTO `facturadetalle` (`idFactura`, `idProducto`, `cantidad`) VALUES (165,355,386);
INSERT INTO `facturadetalle` (`idFactura`, `idProducto`, `cantidad`) VALUES (165,397,160);
INSERT INTO `facturadetalle` (`idFactura`, `idProducto`, `cantidad`) VALUES (166,46,230);
INSERT INTO `facturadetalle` (`idFactura`, `idProducto`, `cantidad`) VALUES (166,79,33);
INSERT INTO `facturadetalle` (`idFactura`, `idProducto`, `cantidad`) VALUES (166,95,118);
INSERT INTO `facturadetalle` (`idFactura`, `idProducto`, `cantidad`) VALUES (166,238,122);
INSERT INTO `facturadetalle` (`idFactura`, `idProducto`, `cantidad`) VALUES (166,284,78);
INSERT INTO `facturadetalle` (`idFactura`, `idProducto`, `cantidad`) VALUES (166,292,134);
INSERT INTO `facturadetalle` (`idFactura`, `idProducto`, `cantidad`) VALUES (167,23,152);
INSERT INTO `facturadetalle` (`idFactura`, `idProducto`, `cantidad`) VALUES (167,148,222);
INSERT INTO `facturadetalle` (`idFactura`, `idProducto`, `cantidad`) VALUES (167,149,326);
INSERT INTO `facturadetalle` (`idFactura`, `idProducto`, `cantidad`) VALUES (167,234,303);
INSERT INTO `facturadetalle` (`idFactura`, `idProducto`, `cantidad`) VALUES (167,309,55);
INSERT INTO `facturadetalle` (`idFactura`, `idProducto`, `cantidad`) VALUES (167,350,192);
INSERT INTO `facturadetalle` (`idFactura`, `idProducto`, `cantidad`) VALUES (167,451,87);
INSERT INTO `facturadetalle` (`idFactura`, `idProducto`, `cantidad`) VALUES (167,487,392);
INSERT INTO `facturadetalle` (`idFactura`, `idProducto`, `cantidad`) VALUES (168,155,19);
INSERT INTO `facturadetalle` (`idFactura`, `idProducto`, `cantidad`) VALUES (168,200,302);
INSERT INTO `facturadetalle` (`idFactura`, `idProducto`, `cantidad`) VALUES (168,225,246);
INSERT INTO `facturadetalle` (`idFactura`, `idProducto`, `cantidad`) VALUES (168,348,195);
INSERT INTO `facturadetalle` (`idFactura`, `idProducto`, `cantidad`) VALUES (169,184,367);
INSERT INTO `facturadetalle` (`idFactura`, `idProducto`, `cantidad`) VALUES (169,323,219);
INSERT INTO `facturadetalle` (`idFactura`, `idProducto`, `cantidad`) VALUES (169,404,25);
INSERT INTO `facturadetalle` (`idFactura`, `idProducto`, `cantidad`) VALUES (170,146,221);
INSERT INTO `facturadetalle` (`idFactura`, `idProducto`, `cantidad`) VALUES (170,231,306);
INSERT INTO `facturadetalle` (`idFactura`, `idProducto`, `cantidad`) VALUES (170,379,52);
INSERT INTO `facturadetalle` (`idFactura`, `idProducto`, `cantidad`) VALUES (171,39,245);
INSERT INTO `facturadetalle` (`idFactura`, `idProducto`, `cantidad`) VALUES (171,116,46);
INSERT INTO `facturadetalle` (`idFactura`, `idProducto`, `cantidad`) VALUES (171,168,379);
INSERT INTO `facturadetalle` (`idFactura`, `idProducto`, `cantidad`) VALUES (171,287,164);
INSERT INTO `facturadetalle` (`idFactura`, `idProducto`, `cantidad`) VALUES (171,352,216);
INSERT INTO `facturadetalle` (`idFactura`, `idProducto`, `cantidad`) VALUES (171,366,257);
INSERT INTO `facturadetalle` (`idFactura`, `idProducto`, `cantidad`) VALUES (171,449,339);
INSERT INTO `facturadetalle` (`idFactura`, `idProducto`, `cantidad`) VALUES (172,116,75);
INSERT INTO `facturadetalle` (`idFactura`, `idProducto`, `cantidad`) VALUES (172,149,36);
INSERT INTO `facturadetalle` (`idFactura`, `idProducto`, `cantidad`) VALUES (172,227,265);
INSERT INTO `facturadetalle` (`idFactura`, `idProducto`, `cantidad`) VALUES (172,253,355);
INSERT INTO `facturadetalle` (`idFactura`, `idProducto`, `cantidad`) VALUES (172,268,295);
INSERT INTO `facturadetalle` (`idFactura`, `idProducto`, `cantidad`) VALUES (172,301,167);
INSERT INTO `facturadetalle` (`idFactura`, `idProducto`, `cantidad`) VALUES (172,487,2);
INSERT INTO `facturadetalle` (`idFactura`, `idProducto`, `cantidad`) VALUES (172,495,38);
INSERT INTO `facturadetalle` (`idFactura`, `idProducto`, `cantidad`) VALUES (173,207,259);
INSERT INTO `facturadetalle` (`idFactura`, `idProducto`, `cantidad`) VALUES (174,36,210);
INSERT INTO `facturadetalle` (`idFactura`, `idProducto`, `cantidad`) VALUES (174,157,261);
INSERT INTO `facturadetalle` (`idFactura`, `idProducto`, `cantidad`) VALUES (174,187,80);
INSERT INTO `facturadetalle` (`idFactura`, `idProducto`, `cantidad`) VALUES (174,225,10);
INSERT INTO `facturadetalle` (`idFactura`, `idProducto`, `cantidad`) VALUES (174,354,16);
INSERT INTO `facturadetalle` (`idFactura`, `idProducto`, `cantidad`) VALUES (174,371,271);
INSERT INTO `facturadetalle` (`idFactura`, `idProducto`, `cantidad`) VALUES (174,393,244);
INSERT INTO `facturadetalle` (`idFactura`, `idProducto`, `cantidad`) VALUES (174,471,351);
INSERT INTO `facturadetalle` (`idFactura`, `idProducto`, `cantidad`) VALUES (174,499,365);
INSERT INTO `facturadetalle` (`idFactura`, `idProducto`, `cantidad`) VALUES (174,500,95);
INSERT INTO `facturadetalle` (`idFactura`, `idProducto`, `cantidad`) VALUES (175,24,345);
INSERT INTO `facturadetalle` (`idFactura`, `idProducto`, `cantidad`) VALUES (175,153,237);
INSERT INTO `facturadetalle` (`idFactura`, `idProducto`, `cantidad`) VALUES (175,183,298);
INSERT INTO `facturadetalle` (`idFactura`, `idProducto`, `cantidad`) VALUES (175,283,70);
INSERT INTO `facturadetalle` (`idFactura`, `idProducto`, `cantidad`) VALUES (175,403,44);
INSERT INTO `facturadetalle` (`idFactura`, `idProducto`, `cantidad`) VALUES (175,493,76);
INSERT INTO `facturadetalle` (`idFactura`, `idProducto`, `cantidad`) VALUES (175,495,135);
INSERT INTO `facturadetalle` (`idFactura`, `idProducto`, `cantidad`) VALUES (176,49,43);
INSERT INTO `facturadetalle` (`idFactura`, `idProducto`, `cantidad`) VALUES (176,155,139);
INSERT INTO `facturadetalle` (`idFactura`, `idProducto`, `cantidad`) VALUES (176,278,275);
INSERT INTO `facturadetalle` (`idFactura`, `idProducto`, `cantidad`) VALUES (176,310,161);
INSERT INTO `facturadetalle` (`idFactura`, `idProducto`, `cantidad`) VALUES (176,423,91);
INSERT INTO `facturadetalle` (`idFactura`, `idProducto`, `cantidad`) VALUES (177,99,238);
INSERT INTO `facturadetalle` (`idFactura`, `idProducto`, `cantidad`) VALUES (177,178,100);
INSERT INTO `facturadetalle` (`idFactura`, `idProducto`, `cantidad`) VALUES (177,183,55);
INSERT INTO `facturadetalle` (`idFactura`, `idProducto`, `cantidad`) VALUES (177,198,131);
INSERT INTO `facturadetalle` (`idFactura`, `idProducto`, `cantidad`) VALUES (177,271,160);
INSERT INTO `facturadetalle` (`idFactura`, `idProducto`, `cantidad`) VALUES (177,369,254);
INSERT INTO `facturadetalle` (`idFactura`, `idProducto`, `cantidad`) VALUES (177,473,333);
INSERT INTO `facturadetalle` (`idFactura`, `idProducto`, `cantidad`) VALUES (178,49,36);
INSERT INTO `facturadetalle` (`idFactura`, `idProducto`, `cantidad`) VALUES (179,38,132);
INSERT INTO `facturadetalle` (`idFactura`, `idProducto`, `cantidad`) VALUES (179,73,214);
INSERT INTO `facturadetalle` (`idFactura`, `idProducto`, `cantidad`) VALUES (179,102,310);
INSERT INTO `facturadetalle` (`idFactura`, `idProducto`, `cantidad`) VALUES (179,212,44);
INSERT INTO `facturadetalle` (`idFactura`, `idProducto`, `cantidad`) VALUES (179,276,138);
INSERT INTO `facturadetalle` (`idFactura`, `idProducto`, `cantidad`) VALUES (179,287,281);
INSERT INTO `facturadetalle` (`idFactura`, `idProducto`, `cantidad`) VALUES (179,294,324);
INSERT INTO `facturadetalle` (`idFactura`, `idProducto`, `cantidad`) VALUES (179,389,237);
INSERT INTO `facturadetalle` (`idFactura`, `idProducto`, `cantidad`) VALUES (180,66,381);
INSERT INTO `facturadetalle` (`idFactura`, `idProducto`, `cantidad`) VALUES (181,176,7);
INSERT INTO `facturadetalle` (`idFactura`, `idProducto`, `cantidad`) VALUES (181,239,373);
INSERT INTO `facturadetalle` (`idFactura`, `idProducto`, `cantidad`) VALUES (181,411,312);
INSERT INTO `facturadetalle` (`idFactura`, `idProducto`, `cantidad`) VALUES (181,430,97);
INSERT INTO `facturadetalle` (`idFactura`, `idProducto`, `cantidad`) VALUES (182,140,271);
INSERT INTO `facturadetalle` (`idFactura`, `idProducto`, `cantidad`) VALUES (183,127,179);
INSERT INTO `facturadetalle` (`idFactura`, `idProducto`, `cantidad`) VALUES (183,181,40);
INSERT INTO `facturadetalle` (`idFactura`, `idProducto`, `cantidad`) VALUES (183,249,65);
INSERT INTO `facturadetalle` (`idFactura`, `idProducto`, `cantidad`) VALUES (183,301,168);
INSERT INTO `facturadetalle` (`idFactura`, `idProducto`, `cantidad`) VALUES (183,385,60);
INSERT INTO `facturadetalle` (`idFactura`, `idProducto`, `cantidad`) VALUES (183,407,48);
INSERT INTO `facturadetalle` (`idFactura`, `idProducto`, `cantidad`) VALUES (183,423,143);
INSERT INTO `facturadetalle` (`idFactura`, `idProducto`, `cantidad`) VALUES (183,480,123);
INSERT INTO `facturadetalle` (`idFactura`, `idProducto`, `cantidad`) VALUES (184,222,229);
INSERT INTO `facturadetalle` (`idFactura`, `idProducto`, `cantidad`) VALUES (185,257,66);
INSERT INTO `facturadetalle` (`idFactura`, `idProducto`, `cantidad`) VALUES (185,368,356);
INSERT INTO `facturadetalle` (`idFactura`, `idProducto`, `cantidad`) VALUES (185,378,339);
INSERT INTO `facturadetalle` (`idFactura`, `idProducto`, `cantidad`) VALUES (185,385,127);
INSERT INTO `facturadetalle` (`idFactura`, `idProducto`, `cantidad`) VALUES (185,427,51);
INSERT INTO `facturadetalle` (`idFactura`, `idProducto`, `cantidad`) VALUES (186,11,43);
INSERT INTO `facturadetalle` (`idFactura`, `idProducto`, `cantidad`) VALUES (186,69,103);
INSERT INTO `facturadetalle` (`idFactura`, `idProducto`, `cantidad`) VALUES (186,206,127);
INSERT INTO `facturadetalle` (`idFactura`, `idProducto`, `cantidad`) VALUES (186,276,144);
INSERT INTO `facturadetalle` (`idFactura`, `idProducto`, `cantidad`) VALUES (186,340,151);
INSERT INTO `facturadetalle` (`idFactura`, `idProducto`, `cantidad`) VALUES (186,436,394);
INSERT INTO `facturadetalle` (`idFactura`, `idProducto`, `cantidad`) VALUES (186,480,2);
INSERT INTO `facturadetalle` (`idFactura`, `idProducto`, `cantidad`) VALUES (187,93,198);
INSERT INTO `facturadetalle` (`idFactura`, `idProducto`, `cantidad`) VALUES (187,133,179);
INSERT INTO `facturadetalle` (`idFactura`, `idProducto`, `cantidad`) VALUES (187,225,25);
INSERT INTO `facturadetalle` (`idFactura`, `idProducto`, `cantidad`) VALUES (187,400,393);
INSERT INTO `facturadetalle` (`idFactura`, `idProducto`, `cantidad`) VALUES (187,486,232);
INSERT INTO `facturadetalle` (`idFactura`, `idProducto`, `cantidad`) VALUES (188,445,104);
INSERT INTO `facturadetalle` (`idFactura`, `idProducto`, `cantidad`) VALUES (189,86,211);
INSERT INTO `facturadetalle` (`idFactura`, `idProducto`, `cantidad`) VALUES (189,108,399);
INSERT INTO `facturadetalle` (`idFactura`, `idProducto`, `cantidad`) VALUES (189,194,356);
INSERT INTO `facturadetalle` (`idFactura`, `idProducto`, `cantidad`) VALUES (189,277,367);
INSERT INTO `facturadetalle` (`idFactura`, `idProducto`, `cantidad`) VALUES (189,352,107);
INSERT INTO `facturadetalle` (`idFactura`, `idProducto`, `cantidad`) VALUES (189,410,131);
INSERT INTO `facturadetalle` (`idFactura`, `idProducto`, `cantidad`) VALUES (189,411,386);
INSERT INTO `facturadetalle` (`idFactura`, `idProducto`, `cantidad`) VALUES (189,434,60);
INSERT INTO `facturadetalle` (`idFactura`, `idProducto`, `cantidad`) VALUES (190,33,109);
INSERT INTO `facturadetalle` (`idFactura`, `idProducto`, `cantidad`) VALUES (190,37,342);
INSERT INTO `facturadetalle` (`idFactura`, `idProducto`, `cantidad`) VALUES (190,86,85);
INSERT INTO `facturadetalle` (`idFactura`, `idProducto`, `cantidad`) VALUES (190,89,393);
INSERT INTO `facturadetalle` (`idFactura`, `idProducto`, `cantidad`) VALUES (190,199,121);
INSERT INTO `facturadetalle` (`idFactura`, `idProducto`, `cantidad`) VALUES (190,206,208);
INSERT INTO `facturadetalle` (`idFactura`, `idProducto`, `cantidad`) VALUES (190,292,45);
INSERT INTO `facturadetalle` (`idFactura`, `idProducto`, `cantidad`) VALUES (190,381,344);
INSERT INTO `facturadetalle` (`idFactura`, `idProducto`, `cantidad`) VALUES (191,112,132);
INSERT INTO `facturadetalle` (`idFactura`, `idProducto`, `cantidad`) VALUES (191,142,303);
INSERT INTO `facturadetalle` (`idFactura`, `idProducto`, `cantidad`) VALUES (191,204,230);
INSERT INTO `facturadetalle` (`idFactura`, `idProducto`, `cantidad`) VALUES (191,266,238);
INSERT INTO `facturadetalle` (`idFactura`, `idProducto`, `cantidad`) VALUES (191,411,282);
INSERT INTO `facturadetalle` (`idFactura`, `idProducto`, `cantidad`) VALUES (192,185,28);
INSERT INTO `facturadetalle` (`idFactura`, `idProducto`, `cantidad`) VALUES (192,248,281);
INSERT INTO `facturadetalle` (`idFactura`, `idProducto`, `cantidad`) VALUES (192,279,62);
INSERT INTO `facturadetalle` (`idFactura`, `idProducto`, `cantidad`) VALUES (192,281,358);
INSERT INTO `facturadetalle` (`idFactura`, `idProducto`, `cantidad`) VALUES (192,283,140);
INSERT INTO `facturadetalle` (`idFactura`, `idProducto`, `cantidad`) VALUES (192,434,123);
INSERT INTO `facturadetalle` (`idFactura`, `idProducto`, `cantidad`) VALUES (192,439,208);
INSERT INTO `facturadetalle` (`idFactura`, `idProducto`, `cantidad`) VALUES (193,79,103);
INSERT INTO `facturadetalle` (`idFactura`, `idProducto`, `cantidad`) VALUES (193,102,355);
INSERT INTO `facturadetalle` (`idFactura`, `idProducto`, `cantidad`) VALUES (193,133,255);
INSERT INTO `facturadetalle` (`idFactura`, `idProducto`, `cantidad`) VALUES (193,315,360);
INSERT INTO `facturadetalle` (`idFactura`, `idProducto`, `cantidad`) VALUES (193,331,44);
INSERT INTO `facturadetalle` (`idFactura`, `idProducto`, `cantidad`) VALUES (193,340,127);
INSERT INTO `facturadetalle` (`idFactura`, `idProducto`, `cantidad`) VALUES (193,404,109);
INSERT INTO `facturadetalle` (`idFactura`, `idProducto`, `cantidad`) VALUES (193,434,127);
INSERT INTO `facturadetalle` (`idFactura`, `idProducto`, `cantidad`) VALUES (193,483,32);
INSERT INTO `facturadetalle` (`idFactura`, `idProducto`, `cantidad`) VALUES (194,105,13);
INSERT INTO `facturadetalle` (`idFactura`, `idProducto`, `cantidad`) VALUES (194,209,221);
INSERT INTO `facturadetalle` (`idFactura`, `idProducto`, `cantidad`) VALUES (194,248,75);
INSERT INTO `facturadetalle` (`idFactura`, `idProducto`, `cantidad`) VALUES (194,313,144);
INSERT INTO `facturadetalle` (`idFactura`, `idProducto`, `cantidad`) VALUES (194,333,73);
INSERT INTO `facturadetalle` (`idFactura`, `idProducto`, `cantidad`) VALUES (194,375,92);
INSERT INTO `facturadetalle` (`idFactura`, `idProducto`, `cantidad`) VALUES (194,432,112);
INSERT INTO `facturadetalle` (`idFactura`, `idProducto`, `cantidad`) VALUES (194,451,342);
INSERT INTO `facturadetalle` (`idFactura`, `idProducto`, `cantidad`) VALUES (195,24,168);
INSERT INTO `facturadetalle` (`idFactura`, `idProducto`, `cantidad`) VALUES (195,26,179);
INSERT INTO `facturadetalle` (`idFactura`, `idProducto`, `cantidad`) VALUES (195,35,386);
INSERT INTO `facturadetalle` (`idFactura`, `idProducto`, `cantidad`) VALUES (195,75,295);
INSERT INTO `facturadetalle` (`idFactura`, `idProducto`, `cantidad`) VALUES (195,129,349);
INSERT INTO `facturadetalle` (`idFactura`, `idProducto`, `cantidad`) VALUES (195,195,225);
INSERT INTO `facturadetalle` (`idFactura`, `idProducto`, `cantidad`) VALUES (195,208,384);
INSERT INTO `facturadetalle` (`idFactura`, `idProducto`, `cantidad`) VALUES (195,358,211);
INSERT INTO `facturadetalle` (`idFactura`, `idProducto`, `cantidad`) VALUES (196,16,189);
INSERT INTO `facturadetalle` (`idFactura`, `idProducto`, `cantidad`) VALUES (196,44,227);
INSERT INTO `facturadetalle` (`idFactura`, `idProducto`, `cantidad`) VALUES (196,83,77);
INSERT INTO `facturadetalle` (`idFactura`, `idProducto`, `cantidad`) VALUES (196,226,193);
INSERT INTO `facturadetalle` (`idFactura`, `idProducto`, `cantidad`) VALUES (196,242,92);
INSERT INTO `facturadetalle` (`idFactura`, `idProducto`, `cantidad`) VALUES (196,291,225);
INSERT INTO `facturadetalle` (`idFactura`, `idProducto`, `cantidad`) VALUES (196,300,105);
INSERT INTO `facturadetalle` (`idFactura`, `idProducto`, `cantidad`) VALUES (196,370,334);
INSERT INTO `facturadetalle` (`idFactura`, `idProducto`, `cantidad`) VALUES (196,408,135);
INSERT INTO `facturadetalle` (`idFactura`, `idProducto`, `cantidad`) VALUES (197,7,251);
INSERT INTO `facturadetalle` (`idFactura`, `idProducto`, `cantidad`) VALUES (197,84,293);
INSERT INTO `facturadetalle` (`idFactura`, `idProducto`, `cantidad`) VALUES (197,114,333);
INSERT INTO `facturadetalle` (`idFactura`, `idProducto`, `cantidad`) VALUES (197,115,284);
INSERT INTO `facturadetalle` (`idFactura`, `idProducto`, `cantidad`) VALUES (197,151,157);
INSERT INTO `facturadetalle` (`idFactura`, `idProducto`, `cantidad`) VALUES (197,155,317);
INSERT INTO `facturadetalle` (`idFactura`, `idProducto`, `cantidad`) VALUES (197,279,217);
INSERT INTO `facturadetalle` (`idFactura`, `idProducto`, `cantidad`) VALUES (197,319,55);
INSERT INTO `facturadetalle` (`idFactura`, `idProducto`, `cantidad`) VALUES (197,334,302);
INSERT INTO `facturadetalle` (`idFactura`, `idProducto`, `cantidad`) VALUES (198,20,358);
INSERT INTO `facturadetalle` (`idFactura`, `idProducto`, `cantidad`) VALUES (198,29,175);
INSERT INTO `facturadetalle` (`idFactura`, `idProducto`, `cantidad`) VALUES (198,38,376);
INSERT INTO `facturadetalle` (`idFactura`, `idProducto`, `cantidad`) VALUES (198,119,291);
INSERT INTO `facturadetalle` (`idFactura`, `idProducto`, `cantidad`) VALUES (198,150,76);
INSERT INTO `facturadetalle` (`idFactura`, `idProducto`, `cantidad`) VALUES (198,382,108);
INSERT INTO `facturadetalle` (`idFactura`, `idProducto`, `cantidad`) VALUES (198,478,248);
INSERT INTO `facturadetalle` (`idFactura`, `idProducto`, `cantidad`) VALUES (199,141,254);
INSERT INTO `facturadetalle` (`idFactura`, `idProducto`, `cantidad`) VALUES (199,165,181);
INSERT INTO `facturadetalle` (`idFactura`, `idProducto`, `cantidad`) VALUES (199,168,271);
INSERT INTO `facturadetalle` (`idFactura`, `idProducto`, `cantidad`) VALUES (199,177,248);
INSERT INTO `facturadetalle` (`idFactura`, `idProducto`, `cantidad`) VALUES (199,206,351);
INSERT INTO `facturadetalle` (`idFactura`, `idProducto`, `cantidad`) VALUES (199,492,257);
INSERT INTO `facturadetalle` (`idFactura`, `idProducto`, `cantidad`) VALUES (200,12,381);
INSERT INTO `facturadetalle` (`idFactura`, `idProducto`, `cantidad`) VALUES (200,27,313);
INSERT INTO `facturadetalle` (`idFactura`, `idProducto`, `cantidad`) VALUES (200,188,340);
INSERT INTO `facturadetalle` (`idFactura`, `idProducto`, `cantidad`) VALUES (200,210,384);
INSERT INTO `facturadetalle` (`idFactura`, `idProducto`, `cantidad`) VALUES (200,345,205);
INSERT INTO `facturadetalle` (`idFactura`, `idProducto`, `cantidad`) VALUES (201,26,319);
INSERT INTO `facturadetalle` (`idFactura`, `idProducto`, `cantidad`) VALUES (201,71,205);
INSERT INTO `facturadetalle` (`idFactura`, `idProducto`, `cantidad`) VALUES (201,118,231);
INSERT INTO `facturadetalle` (`idFactura`, `idProducto`, `cantidad`) VALUES (201,161,342);
INSERT INTO `facturadetalle` (`idFactura`, `idProducto`, `cantidad`) VALUES (201,334,30);
INSERT INTO `facturadetalle` (`idFactura`, `idProducto`, `cantidad`) VALUES (201,344,146);
INSERT INTO `facturadetalle` (`idFactura`, `idProducto`, `cantidad`) VALUES (201,480,108);
INSERT INTO `facturadetalle` (`idFactura`, `idProducto`, `cantidad`) VALUES (202,264,21);
INSERT INTO `facturadetalle` (`idFactura`, `idProducto`, `cantidad`) VALUES (203,30,37);
INSERT INTO `facturadetalle` (`idFactura`, `idProducto`, `cantidad`) VALUES (203,152,169);
INSERT INTO `facturadetalle` (`idFactura`, `idProducto`, `cantidad`) VALUES (203,223,355);
INSERT INTO `facturadetalle` (`idFactura`, `idProducto`, `cantidad`) VALUES (203,298,241);
INSERT INTO `facturadetalle` (`idFactura`, `idProducto`, `cantidad`) VALUES (203,330,257);
INSERT INTO `facturadetalle` (`idFactura`, `idProducto`, `cantidad`) VALUES (203,367,379);
INSERT INTO `facturadetalle` (`idFactura`, `idProducto`, `cantidad`) VALUES (203,483,161);
INSERT INTO `facturadetalle` (`idFactura`, `idProducto`, `cantidad`) VALUES (204,33,150);
INSERT INTO `facturadetalle` (`idFactura`, `idProducto`, `cantidad`) VALUES (204,70,284);
INSERT INTO `facturadetalle` (`idFactura`, `idProducto`, `cantidad`) VALUES (204,85,302);
INSERT INTO `facturadetalle` (`idFactura`, `idProducto`, `cantidad`) VALUES (204,201,308);
INSERT INTO `facturadetalle` (`idFactura`, `idProducto`, `cantidad`) VALUES (204,439,102);
INSERT INTO `facturadetalle` (`idFactura`, `idProducto`, `cantidad`) VALUES (204,498,225);
INSERT INTO `facturadetalle` (`idFactura`, `idProducto`, `cantidad`) VALUES (205,3,152);
INSERT INTO `facturadetalle` (`idFactura`, `idProducto`, `cantidad`) VALUES (205,292,73);
INSERT INTO `facturadetalle` (`idFactura`, `idProducto`, `cantidad`) VALUES (205,406,278);
INSERT INTO `facturadetalle` (`idFactura`, `idProducto`, `cantidad`) VALUES (206,10,377);
INSERT INTO `facturadetalle` (`idFactura`, `idProducto`, `cantidad`) VALUES (206,192,337);
INSERT INTO `facturadetalle` (`idFactura`, `idProducto`, `cantidad`) VALUES (207,79,25);
INSERT INTO `facturadetalle` (`idFactura`, `idProducto`, `cantidad`) VALUES (207,142,26);
INSERT INTO `facturadetalle` (`idFactura`, `idProducto`, `cantidad`) VALUES (207,160,282);
INSERT INTO `facturadetalle` (`idFactura`, `idProducto`, `cantidad`) VALUES (207,211,172);
INSERT INTO `facturadetalle` (`idFactura`, `idProducto`, `cantidad`) VALUES (207,262,145);
INSERT INTO `facturadetalle` (`idFactura`, `idProducto`, `cantidad`) VALUES (207,270,299);
INSERT INTO `facturadetalle` (`idFactura`, `idProducto`, `cantidad`) VALUES (207,370,23);
INSERT INTO `facturadetalle` (`idFactura`, `idProducto`, `cantidad`) VALUES (207,372,102);
INSERT INTO `facturadetalle` (`idFactura`, `idProducto`, `cantidad`) VALUES (207,415,315);
INSERT INTO `facturadetalle` (`idFactura`, `idProducto`, `cantidad`) VALUES (207,482,144);
INSERT INTO `facturadetalle` (`idFactura`, `idProducto`, `cantidad`) VALUES (208,60,93);
INSERT INTO `facturadetalle` (`idFactura`, `idProducto`, `cantidad`) VALUES (208,283,294);
INSERT INTO `facturadetalle` (`idFactura`, `idProducto`, `cantidad`) VALUES (208,293,81);
INSERT INTO `facturadetalle` (`idFactura`, `idProducto`, `cantidad`) VALUES (208,297,377);
INSERT INTO `facturadetalle` (`idFactura`, `idProducto`, `cantidad`) VALUES (208,375,361);
INSERT INTO `facturadetalle` (`idFactura`, `idProducto`, `cantidad`) VALUES (208,415,289);
INSERT INTO `facturadetalle` (`idFactura`, `idProducto`, `cantidad`) VALUES (208,458,375);
INSERT INTO `facturadetalle` (`idFactura`, `idProducto`, `cantidad`) VALUES (208,487,197);
INSERT INTO `facturadetalle` (`idFactura`, `idProducto`, `cantidad`) VALUES (208,498,291);
INSERT INTO `facturadetalle` (`idFactura`, `idProducto`, `cantidad`) VALUES (209,236,100);
INSERT INTO `facturadetalle` (`idFactura`, `idProducto`, `cantidad`) VALUES (209,306,262);
INSERT INTO `facturadetalle` (`idFactura`, `idProducto`, `cantidad`) VALUES (209,308,299);
INSERT INTO `facturadetalle` (`idFactura`, `idProducto`, `cantidad`) VALUES (210,19,370);
INSERT INTO `facturadetalle` (`idFactura`, `idProducto`, `cantidad`) VALUES (210,21,215);
INSERT INTO `facturadetalle` (`idFactura`, `idProducto`, `cantidad`) VALUES (210,75,280);
INSERT INTO `facturadetalle` (`idFactura`, `idProducto`, `cantidad`) VALUES (210,145,216);
INSERT INTO `facturadetalle` (`idFactura`, `idProducto`, `cantidad`) VALUES (210,162,194);
INSERT INTO `facturadetalle` (`idFactura`, `idProducto`, `cantidad`) VALUES (210,303,28);
INSERT INTO `facturadetalle` (`idFactura`, `idProducto`, `cantidad`) VALUES (210,410,316);
INSERT INTO `facturadetalle` (`idFactura`, `idProducto`, `cantidad`) VALUES (210,429,72);
INSERT INTO `facturadetalle` (`idFactura`, `idProducto`, `cantidad`) VALUES (210,434,68);
INSERT INTO `facturadetalle` (`idFactura`, `idProducto`, `cantidad`) VALUES (210,453,27);
INSERT INTO `facturadetalle` (`idFactura`, `idProducto`, `cantidad`) VALUES (211,139,106);
INSERT INTO `facturadetalle` (`idFactura`, `idProducto`, `cantidad`) VALUES (211,200,150);
INSERT INTO `facturadetalle` (`idFactura`, `idProducto`, `cantidad`) VALUES (211,414,120);
INSERT INTO `facturadetalle` (`idFactura`, `idProducto`, `cantidad`) VALUES (212,129,361);
INSERT INTO `facturadetalle` (`idFactura`, `idProducto`, `cantidad`) VALUES (212,246,320);
INSERT INTO `facturadetalle` (`idFactura`, `idProducto`, `cantidad`) VALUES (212,291,351);
INSERT INTO `facturadetalle` (`idFactura`, `idProducto`, `cantidad`) VALUES (212,295,24);
INSERT INTO `facturadetalle` (`idFactura`, `idProducto`, `cantidad`) VALUES (213,239,387);
INSERT INTO `facturadetalle` (`idFactura`, `idProducto`, `cantidad`) VALUES (213,245,297);
INSERT INTO `facturadetalle` (`idFactura`, `idProducto`, `cantidad`) VALUES (214,100,43);
INSERT INTO `facturadetalle` (`idFactura`, `idProducto`, `cantidad`) VALUES (214,119,291);
INSERT INTO `facturadetalle` (`idFactura`, `idProducto`, `cantidad`) VALUES (214,166,297);
INSERT INTO `facturadetalle` (`idFactura`, `idProducto`, `cantidad`) VALUES (214,192,26);
INSERT INTO `facturadetalle` (`idFactura`, `idProducto`, `cantidad`) VALUES (214,224,72);
INSERT INTO `facturadetalle` (`idFactura`, `idProducto`, `cantidad`) VALUES (214,241,99);
INSERT INTO `facturadetalle` (`idFactura`, `idProducto`, `cantidad`) VALUES (214,313,361);
INSERT INTO `facturadetalle` (`idFactura`, `idProducto`, `cantidad`) VALUES (214,319,288);
INSERT INTO `facturadetalle` (`idFactura`, `idProducto`, `cantidad`) VALUES (214,426,47);
INSERT INTO `facturadetalle` (`idFactura`, `idProducto`, `cantidad`) VALUES (214,480,236);
INSERT INTO `facturadetalle` (`idFactura`, `idProducto`, `cantidad`) VALUES (215,33,129);
INSERT INTO `facturadetalle` (`idFactura`, `idProducto`, `cantidad`) VALUES (215,55,232);
INSERT INTO `facturadetalle` (`idFactura`, `idProducto`, `cantidad`) VALUES (215,133,141);
INSERT INTO `facturadetalle` (`idFactura`, `idProducto`, `cantidad`) VALUES (215,182,232);
INSERT INTO `facturadetalle` (`idFactura`, `idProducto`, `cantidad`) VALUES (215,372,131);
INSERT INTO `facturadetalle` (`idFactura`, `idProducto`, `cantidad`) VALUES (215,396,48);
INSERT INTO `facturadetalle` (`idFactura`, `idProducto`, `cantidad`) VALUES (215,430,186);
INSERT INTO `facturadetalle` (`idFactura`, `idProducto`, `cantidad`) VALUES (215,436,281);
INSERT INTO `facturadetalle` (`idFactura`, `idProducto`, `cantidad`) VALUES (215,484,15);
INSERT INTO `facturadetalle` (`idFactura`, `idProducto`, `cantidad`) VALUES (215,485,335);
INSERT INTO `facturadetalle` (`idFactura`, `idProducto`, `cantidad`) VALUES (216,96,325);
INSERT INTO `facturadetalle` (`idFactura`, `idProducto`, `cantidad`) VALUES (216,218,147);
INSERT INTO `facturadetalle` (`idFactura`, `idProducto`, `cantidad`) VALUES (217,257,30);
INSERT INTO `facturadetalle` (`idFactura`, `idProducto`, `cantidad`) VALUES (217,453,265);
INSERT INTO `facturadetalle` (`idFactura`, `idProducto`, `cantidad`) VALUES (217,488,147);
INSERT INTO `facturadetalle` (`idFactura`, `idProducto`, `cantidad`) VALUES (217,499,393);
INSERT INTO `facturadetalle` (`idFactura`, `idProducto`, `cantidad`) VALUES (218,21,232);
INSERT INTO `facturadetalle` (`idFactura`, `idProducto`, `cantidad`) VALUES (218,182,199);
INSERT INTO `facturadetalle` (`idFactura`, `idProducto`, `cantidad`) VALUES (218,259,155);
INSERT INTO `facturadetalle` (`idFactura`, `idProducto`, `cantidad`) VALUES (218,288,209);
INSERT INTO `facturadetalle` (`idFactura`, `idProducto`, `cantidad`) VALUES (218,340,216);
INSERT INTO `facturadetalle` (`idFactura`, `idProducto`, `cantidad`) VALUES (218,375,311);
INSERT INTO `facturadetalle` (`idFactura`, `idProducto`, `cantidad`) VALUES (218,415,22);
INSERT INTO `facturadetalle` (`idFactura`, `idProducto`, `cantidad`) VALUES (218,435,202);
INSERT INTO `facturadetalle` (`idFactura`, `idProducto`, `cantidad`) VALUES (218,483,173);
INSERT INTO `facturadetalle` (`idFactura`, `idProducto`, `cantidad`) VALUES (219,30,157);
INSERT INTO `facturadetalle` (`idFactura`, `idProducto`, `cantidad`) VALUES (219,70,382);
INSERT INTO `facturadetalle` (`idFactura`, `idProducto`, `cantidad`) VALUES (219,207,292);
INSERT INTO `facturadetalle` (`idFactura`, `idProducto`, `cantidad`) VALUES (219,302,294);
INSERT INTO `facturadetalle` (`idFactura`, `idProducto`, `cantidad`) VALUES (219,323,383);
INSERT INTO `facturadetalle` (`idFactura`, `idProducto`, `cantidad`) VALUES (219,406,211);
INSERT INTO `facturadetalle` (`idFactura`, `idProducto`, `cantidad`) VALUES (219,414,306);
INSERT INTO `facturadetalle` (`idFactura`, `idProducto`, `cantidad`) VALUES (220,21,59);
INSERT INTO `facturadetalle` (`idFactura`, `idProducto`, `cantidad`) VALUES (220,26,62);
INSERT INTO `facturadetalle` (`idFactura`, `idProducto`, `cantidad`) VALUES (220,27,265);
INSERT INTO `facturadetalle` (`idFactura`, `idProducto`, `cantidad`) VALUES (220,93,203);
INSERT INTO `facturadetalle` (`idFactura`, `idProducto`, `cantidad`) VALUES (220,376,34);
INSERT INTO `facturadetalle` (`idFactura`, `idProducto`, `cantidad`) VALUES (220,384,184);
INSERT INTO `facturadetalle` (`idFactura`, `idProducto`, `cantidad`) VALUES (220,411,35);
INSERT INTO `facturadetalle` (`idFactura`, `idProducto`, `cantidad`) VALUES (220,429,235);
INSERT INTO `facturadetalle` (`idFactura`, `idProducto`, `cantidad`) VALUES (220,485,259);
INSERT INTO `facturadetalle` (`idFactura`, `idProducto`, `cantidad`) VALUES (221,224,236);
INSERT INTO `facturadetalle` (`idFactura`, `idProducto`, `cantidad`) VALUES (221,467,316);
INSERT INTO `facturadetalle` (`idFactura`, `idProducto`, `cantidad`) VALUES (222,22,228);
INSERT INTO `facturadetalle` (`idFactura`, `idProducto`, `cantidad`) VALUES (222,25,377);
INSERT INTO `facturadetalle` (`idFactura`, `idProducto`, `cantidad`) VALUES (222,189,369);
INSERT INTO `facturadetalle` (`idFactura`, `idProducto`, `cantidad`) VALUES (222,347,302);
INSERT INTO `facturadetalle` (`idFactura`, `idProducto`, `cantidad`) VALUES (222,356,255);
INSERT INTO `facturadetalle` (`idFactura`, `idProducto`, `cantidad`) VALUES (222,380,174);
INSERT INTO `facturadetalle` (`idFactura`, `idProducto`, `cantidad`) VALUES (222,463,282);
INSERT INTO `facturadetalle` (`idFactura`, `idProducto`, `cantidad`) VALUES (222,497,347);
INSERT INTO `facturadetalle` (`idFactura`, `idProducto`, `cantidad`) VALUES (223,50,300);
INSERT INTO `facturadetalle` (`idFactura`, `idProducto`, `cantidad`) VALUES (223,64,132);
INSERT INTO `facturadetalle` (`idFactura`, `idProducto`, `cantidad`) VALUES (223,254,314);
INSERT INTO `facturadetalle` (`idFactura`, `idProducto`, `cantidad`) VALUES (224,279,221);
INSERT INTO `facturadetalle` (`idFactura`, `idProducto`, `cantidad`) VALUES (224,310,313);
INSERT INTO `facturadetalle` (`idFactura`, `idProducto`, `cantidad`) VALUES (225,31,157);
INSERT INTO `facturadetalle` (`idFactura`, `idProducto`, `cantidad`) VALUES (225,68,173);
INSERT INTO `facturadetalle` (`idFactura`, `idProducto`, `cantidad`) VALUES (225,255,136);
INSERT INTO `facturadetalle` (`idFactura`, `idProducto`, `cantidad`) VALUES (225,361,387);
INSERT INTO `facturadetalle` (`idFactura`, `idProducto`, `cantidad`) VALUES (226,30,347);
INSERT INTO `facturadetalle` (`idFactura`, `idProducto`, `cantidad`) VALUES (226,119,356);
INSERT INTO `facturadetalle` (`idFactura`, `idProducto`, `cantidad`) VALUES (226,131,143);
INSERT INTO `facturadetalle` (`idFactura`, `idProducto`, `cantidad`) VALUES (226,142,105);
INSERT INTO `facturadetalle` (`idFactura`, `idProducto`, `cantidad`) VALUES (226,146,309);
INSERT INTO `facturadetalle` (`idFactura`, `idProducto`, `cantidad`) VALUES (226,390,268);
INSERT INTO `facturadetalle` (`idFactura`, `idProducto`, `cantidad`) VALUES (226,408,99);
INSERT INTO `facturadetalle` (`idFactura`, `idProducto`, `cantidad`) VALUES (226,487,134);
INSERT INTO `facturadetalle` (`idFactura`, `idProducto`, `cantidad`) VALUES (226,499,35);
INSERT INTO `facturadetalle` (`idFactura`, `idProducto`, `cantidad`) VALUES (227,37,332);
INSERT INTO `facturadetalle` (`idFactura`, `idProducto`, `cantidad`) VALUES (227,56,328);
INSERT INTO `facturadetalle` (`idFactura`, `idProducto`, `cantidad`) VALUES (227,90,254);
INSERT INTO `facturadetalle` (`idFactura`, `idProducto`, `cantidad`) VALUES (227,129,388);
INSERT INTO `facturadetalle` (`idFactura`, `idProducto`, `cantidad`) VALUES (227,145,290);
INSERT INTO `facturadetalle` (`idFactura`, `idProducto`, `cantidad`) VALUES (227,311,222);
INSERT INTO `facturadetalle` (`idFactura`, `idProducto`, `cantidad`) VALUES (227,439,274);
INSERT INTO `facturadetalle` (`idFactura`, `idProducto`, `cantidad`) VALUES (227,492,313);
INSERT INTO `facturadetalle` (`idFactura`, `idProducto`, `cantidad`) VALUES (228,71,324);
INSERT INTO `facturadetalle` (`idFactura`, `idProducto`, `cantidad`) VALUES (228,105,345);
INSERT INTO `facturadetalle` (`idFactura`, `idProducto`, `cantidad`) VALUES (228,131,311);
INSERT INTO `facturadetalle` (`idFactura`, `idProducto`, `cantidad`) VALUES (228,212,178);
INSERT INTO `facturadetalle` (`idFactura`, `idProducto`, `cantidad`) VALUES (228,264,115);
INSERT INTO `facturadetalle` (`idFactura`, `idProducto`, `cantidad`) VALUES (228,298,160);
INSERT INTO `facturadetalle` (`idFactura`, `idProducto`, `cantidad`) VALUES (228,317,120);
INSERT INTO `facturadetalle` (`idFactura`, `idProducto`, `cantidad`) VALUES (229,65,138);
INSERT INTO `facturadetalle` (`idFactura`, `idProducto`, `cantidad`) VALUES (229,138,206);
INSERT INTO `facturadetalle` (`idFactura`, `idProducto`, `cantidad`) VALUES (229,153,250);
INSERT INTO `facturadetalle` (`idFactura`, `idProducto`, `cantidad`) VALUES (229,232,133);
INSERT INTO `facturadetalle` (`idFactura`, `idProducto`, `cantidad`) VALUES (229,296,368);
INSERT INTO `facturadetalle` (`idFactura`, `idProducto`, `cantidad`) VALUES (229,335,14);
INSERT INTO `facturadetalle` (`idFactura`, `idProducto`, `cantidad`) VALUES (229,364,222);
INSERT INTO `facturadetalle` (`idFactura`, `idProducto`, `cantidad`) VALUES (229,409,99);
INSERT INTO `facturadetalle` (`idFactura`, `idProducto`, `cantidad`) VALUES (229,427,88);
INSERT INTO `facturadetalle` (`idFactura`, `idProducto`, `cantidad`) VALUES (229,477,175);
INSERT INTO `facturadetalle` (`idFactura`, `idProducto`, `cantidad`) VALUES (230,26,180);
INSERT INTO `facturadetalle` (`idFactura`, `idProducto`, `cantidad`) VALUES (230,46,359);
INSERT INTO `facturadetalle` (`idFactura`, `idProducto`, `cantidad`) VALUES (230,71,27);
INSERT INTO `facturadetalle` (`idFactura`, `idProducto`, `cantidad`) VALUES (230,73,388);
INSERT INTO `facturadetalle` (`idFactura`, `idProducto`, `cantidad`) VALUES (230,171,309);
INSERT INTO `facturadetalle` (`idFactura`, `idProducto`, `cantidad`) VALUES (230,182,318);
INSERT INTO `facturadetalle` (`idFactura`, `idProducto`, `cantidad`) VALUES (230,232,44);
INSERT INTO `facturadetalle` (`idFactura`, `idProducto`, `cantidad`) VALUES (230,485,184);
INSERT INTO `facturadetalle` (`idFactura`, `idProducto`, `cantidad`) VALUES (230,497,274);
INSERT INTO `facturadetalle` (`idFactura`, `idProducto`, `cantidad`) VALUES (231,32,124);
INSERT INTO `facturadetalle` (`idFactura`, `idProducto`, `cantidad`) VALUES (231,80,271);
INSERT INTO `facturadetalle` (`idFactura`, `idProducto`, `cantidad`) VALUES (231,131,360);
INSERT INTO `facturadetalle` (`idFactura`, `idProducto`, `cantidad`) VALUES (231,139,18);
INSERT INTO `facturadetalle` (`idFactura`, `idProducto`, `cantidad`) VALUES (231,350,317);
INSERT INTO `facturadetalle` (`idFactura`, `idProducto`, `cantidad`) VALUES (231,398,231);
INSERT INTO `facturadetalle` (`idFactura`, `idProducto`, `cantidad`) VALUES (231,421,181);
INSERT INTO `facturadetalle` (`idFactura`, `idProducto`, `cantidad`) VALUES (231,423,108);
INSERT INTO `facturadetalle` (`idFactura`, `idProducto`, `cantidad`) VALUES (231,464,77);
INSERT INTO `facturadetalle` (`idFactura`, `idProducto`, `cantidad`) VALUES (232,250,284);
INSERT INTO `facturadetalle` (`idFactura`, `idProducto`, `cantidad`) VALUES (232,468,60);
INSERT INTO `facturadetalle` (`idFactura`, `idProducto`, `cantidad`) VALUES (232,495,327);
INSERT INTO `facturadetalle` (`idFactura`, `idProducto`, `cantidad`) VALUES (233,18,37);
INSERT INTO `facturadetalle` (`idFactura`, `idProducto`, `cantidad`) VALUES (234,179,193);
INSERT INTO `facturadetalle` (`idFactura`, `idProducto`, `cantidad`) VALUES (234,282,297);
INSERT INTO `facturadetalle` (`idFactura`, `idProducto`, `cantidad`) VALUES (234,289,29);
INSERT INTO `facturadetalle` (`idFactura`, `idProducto`, `cantidad`) VALUES (234,469,354);
INSERT INTO `facturadetalle` (`idFactura`, `idProducto`, `cantidad`) VALUES (235,237,370);
INSERT INTO `facturadetalle` (`idFactura`, `idProducto`, `cantidad`) VALUES (235,415,354);
INSERT INTO `facturadetalle` (`idFactura`, `idProducto`, `cantidad`) VALUES (235,500,290);
INSERT INTO `facturadetalle` (`idFactura`, `idProducto`, `cantidad`) VALUES (236,331,21);
INSERT INTO `facturadetalle` (`idFactura`, `idProducto`, `cantidad`) VALUES (236,479,149);
INSERT INTO `facturadetalle` (`idFactura`, `idProducto`, `cantidad`) VALUES (236,490,143);
INSERT INTO `facturadetalle` (`idFactura`, `idProducto`, `cantidad`) VALUES (237,39,15);
INSERT INTO `facturadetalle` (`idFactura`, `idProducto`, `cantidad`) VALUES (237,65,388);
INSERT INTO `facturadetalle` (`idFactura`, `idProducto`, `cantidad`) VALUES (237,145,353);
INSERT INTO `facturadetalle` (`idFactura`, `idProducto`, `cantidad`) VALUES (237,396,98);
INSERT INTO `facturadetalle` (`idFactura`, `idProducto`, `cantidad`) VALUES (238,22,186);
INSERT INTO `facturadetalle` (`idFactura`, `idProducto`, `cantidad`) VALUES (238,42,340);
INSERT INTO `facturadetalle` (`idFactura`, `idProducto`, `cantidad`) VALUES (238,184,386);
INSERT INTO `facturadetalle` (`idFactura`, `idProducto`, `cantidad`) VALUES (238,188,210);
INSERT INTO `facturadetalle` (`idFactura`, `idProducto`, `cantidad`) VALUES (238,216,278);
INSERT INTO `facturadetalle` (`idFactura`, `idProducto`, `cantidad`) VALUES (238,294,120);
INSERT INTO `facturadetalle` (`idFactura`, `idProducto`, `cantidad`) VALUES (238,341,132);
INSERT INTO `facturadetalle` (`idFactura`, `idProducto`, `cantidad`) VALUES (238,404,340);
INSERT INTO `facturadetalle` (`idFactura`, `idProducto`, `cantidad`) VALUES (239,45,186);
INSERT INTO `facturadetalle` (`idFactura`, `idProducto`, `cantidad`) VALUES (239,326,269);
INSERT INTO `facturadetalle` (`idFactura`, `idProducto`, `cantidad`) VALUES (240,12,368);
INSERT INTO `facturadetalle` (`idFactura`, `idProducto`, `cantidad`) VALUES (240,119,36);
INSERT INTO `facturadetalle` (`idFactura`, `idProducto`, `cantidad`) VALUES (240,130,336);
INSERT INTO `facturadetalle` (`idFactura`, `idProducto`, `cantidad`) VALUES (240,131,225);
INSERT INTO `facturadetalle` (`idFactura`, `idProducto`, `cantidad`) VALUES (240,167,108);
INSERT INTO `facturadetalle` (`idFactura`, `idProducto`, `cantidad`) VALUES (240,419,220);
INSERT INTO `facturadetalle` (`idFactura`, `idProducto`, `cantidad`) VALUES (240,481,222);
INSERT INTO `facturadetalle` (`idFactura`, `idProducto`, `cantidad`) VALUES (241,50,11);
INSERT INTO `facturadetalle` (`idFactura`, `idProducto`, `cantidad`) VALUES (241,371,266);
INSERT INTO `facturadetalle` (`idFactura`, `idProducto`, `cantidad`) VALUES (241,382,132);
INSERT INTO `facturadetalle` (`idFactura`, `idProducto`, `cantidad`) VALUES (241,445,133);
INSERT INTO `facturadetalle` (`idFactura`, `idProducto`, `cantidad`) VALUES (241,450,264);
INSERT INTO `facturadetalle` (`idFactura`, `idProducto`, `cantidad`) VALUES (241,471,225);
INSERT INTO `facturadetalle` (`idFactura`, `idProducto`, `cantidad`) VALUES (241,477,46);
INSERT INTO `facturadetalle` (`idFactura`, `idProducto`, `cantidad`) VALUES (242,9,121);
INSERT INTO `facturadetalle` (`idFactura`, `idProducto`, `cantidad`) VALUES (242,18,156);
INSERT INTO `facturadetalle` (`idFactura`, `idProducto`, `cantidad`) VALUES (242,95,298);
INSERT INTO `facturadetalle` (`idFactura`, `idProducto`, `cantidad`) VALUES (242,122,36);
INSERT INTO `facturadetalle` (`idFactura`, `idProducto`, `cantidad`) VALUES (242,167,230);
INSERT INTO `facturadetalle` (`idFactura`, `idProducto`, `cantidad`) VALUES (242,178,257);
INSERT INTO `facturadetalle` (`idFactura`, `idProducto`, `cantidad`) VALUES (242,382,353);
INSERT INTO `facturadetalle` (`idFactura`, `idProducto`, `cantidad`) VALUES (242,408,393);
INSERT INTO `facturadetalle` (`idFactura`, `idProducto`, `cantidad`) VALUES (243,181,37);
INSERT INTO `facturadetalle` (`idFactura`, `idProducto`, `cantidad`) VALUES (243,293,380);
INSERT INTO `facturadetalle` (`idFactura`, `idProducto`, `cantidad`) VALUES (244,141,148);
INSERT INTO `facturadetalle` (`idFactura`, `idProducto`, `cantidad`) VALUES (244,397,329);
INSERT INTO `facturadetalle` (`idFactura`, `idProducto`, `cantidad`) VALUES (245,69,176);
INSERT INTO `facturadetalle` (`idFactura`, `idProducto`, `cantidad`) VALUES (245,122,218);
INSERT INTO `facturadetalle` (`idFactura`, `idProducto`, `cantidad`) VALUES (245,172,369);
INSERT INTO `facturadetalle` (`idFactura`, `idProducto`, `cantidad`) VALUES (245,204,335);
INSERT INTO `facturadetalle` (`idFactura`, `idProducto`, `cantidad`) VALUES (245,254,225);
INSERT INTO `facturadetalle` (`idFactura`, `idProducto`, `cantidad`) VALUES (245,305,213);
INSERT INTO `facturadetalle` (`idFactura`, `idProducto`, `cantidad`) VALUES (245,429,287);
INSERT INTO `facturadetalle` (`idFactura`, `idProducto`, `cantidad`) VALUES (245,432,193);
INSERT INTO `facturadetalle` (`idFactura`, `idProducto`, `cantidad`) VALUES (246,300,107);
INSERT INTO `facturadetalle` (`idFactura`, `idProducto`, `cantidad`) VALUES (247,187,164);
INSERT INTO `facturadetalle` (`idFactura`, `idProducto`, `cantidad`) VALUES (247,210,159);
INSERT INTO `facturadetalle` (`idFactura`, `idProducto`, `cantidad`) VALUES (247,231,250);
INSERT INTO `facturadetalle` (`idFactura`, `idProducto`, `cantidad`) VALUES (247,454,14);
INSERT INTO `facturadetalle` (`idFactura`, `idProducto`, `cantidad`) VALUES (247,490,59);
INSERT INTO `facturadetalle` (`idFactura`, `idProducto`, `cantidad`) VALUES (248,30,400);
INSERT INTO `facturadetalle` (`idFactura`, `idProducto`, `cantidad`) VALUES (248,68,296);
INSERT INTO `facturadetalle` (`idFactura`, `idProducto`, `cantidad`) VALUES (248,74,55);
INSERT INTO `facturadetalle` (`idFactura`, `idProducto`, `cantidad`) VALUES (248,201,118);
INSERT INTO `facturadetalle` (`idFactura`, `idProducto`, `cantidad`) VALUES (249,63,103);
INSERT INTO `facturadetalle` (`idFactura`, `idProducto`, `cantidad`) VALUES (249,237,11);
INSERT INTO `facturadetalle` (`idFactura`, `idProducto`, `cantidad`) VALUES (249,238,352);
INSERT INTO `facturadetalle` (`idFactura`, `idProducto`, `cantidad`) VALUES (249,454,138);
INSERT INTO `facturadetalle` (`idFactura`, `idProducto`, `cantidad`) VALUES (249,495,153);
INSERT INTO `facturadetalle` (`idFactura`, `idProducto`, `cantidad`) VALUES (250,42,41);
INSERT INTO `facturadetalle` (`idFactura`, `idProducto`, `cantidad`) VALUES (250,49,398);
INSERT INTO `facturadetalle` (`idFactura`, `idProducto`, `cantidad`) VALUES (250,310,357);
INSERT INTO `facturadetalle` (`idFactura`, `idProducto`, `cantidad`) VALUES (250,471,140);
INSERT INTO `facturadetalle` (`idFactura`, `idProducto`, `cantidad`) VALUES (251,142,272);
INSERT INTO `facturadetalle` (`idFactura`, `idProducto`, `cantidad`) VALUES (251,190,231);
INSERT INTO `facturadetalle` (`idFactura`, `idProducto`, `cantidad`) VALUES (251,196,247);
INSERT INTO `facturadetalle` (`idFactura`, `idProducto`, `cantidad`) VALUES (251,203,234);
INSERT INTO `facturadetalle` (`idFactura`, `idProducto`, `cantidad`) VALUES (251,287,25);
INSERT INTO `facturadetalle` (`idFactura`, `idProducto`, `cantidad`) VALUES (251,319,35);
INSERT INTO `facturadetalle` (`idFactura`, `idProducto`, `cantidad`) VALUES (251,331,320);
INSERT INTO `facturadetalle` (`idFactura`, `idProducto`, `cantidad`) VALUES (251,338,145);
INSERT INTO `facturadetalle` (`idFactura`, `idProducto`, `cantidad`) VALUES (251,343,305);
INSERT INTO `facturadetalle` (`idFactura`, `idProducto`, `cantidad`) VALUES (251,372,64);
INSERT INTO `facturadetalle` (`idFactura`, `idProducto`, `cantidad`) VALUES (252,25,364);
INSERT INTO `facturadetalle` (`idFactura`, `idProducto`, `cantidad`) VALUES (252,31,74);
INSERT INTO `facturadetalle` (`idFactura`, `idProducto`, `cantidad`) VALUES (252,67,194);
INSERT INTO `facturadetalle` (`idFactura`, `idProducto`, `cantidad`) VALUES (252,79,138);
INSERT INTO `facturadetalle` (`idFactura`, `idProducto`, `cantidad`) VALUES (252,100,296);
INSERT INTO `facturadetalle` (`idFactura`, `idProducto`, `cantidad`) VALUES (252,162,163);
INSERT INTO `facturadetalle` (`idFactura`, `idProducto`, `cantidad`) VALUES (252,284,306);
INSERT INTO `facturadetalle` (`idFactura`, `idProducto`, `cantidad`) VALUES (252,368,196);
INSERT INTO `facturadetalle` (`idFactura`, `idProducto`, `cantidad`) VALUES (252,414,170);
INSERT INTO `facturadetalle` (`idFactura`, `idProducto`, `cantidad`) VALUES (253,8,237);
INSERT INTO `facturadetalle` (`idFactura`, `idProducto`, `cantidad`) VALUES (253,14,318);
INSERT INTO `facturadetalle` (`idFactura`, `idProducto`, `cantidad`) VALUES (253,98,93);
INSERT INTO `facturadetalle` (`idFactura`, `idProducto`, `cantidad`) VALUES (253,251,377);
INSERT INTO `facturadetalle` (`idFactura`, `idProducto`, `cantidad`) VALUES (253,254,42);
INSERT INTO `facturadetalle` (`idFactura`, `idProducto`, `cantidad`) VALUES (253,487,347);
INSERT INTO `facturadetalle` (`idFactura`, `idProducto`, `cantidad`) VALUES (254,80,286);
INSERT INTO `facturadetalle` (`idFactura`, `idProducto`, `cantidad`) VALUES (254,87,324);
INSERT INTO `facturadetalle` (`idFactura`, `idProducto`, `cantidad`) VALUES (254,129,232);
INSERT INTO `facturadetalle` (`idFactura`, `idProducto`, `cantidad`) VALUES (254,156,41);
INSERT INTO `facturadetalle` (`idFactura`, `idProducto`, `cantidad`) VALUES (254,285,46);
INSERT INTO `facturadetalle` (`idFactura`, `idProducto`, `cantidad`) VALUES (254,336,296);
INSERT INTO `facturadetalle` (`idFactura`, `idProducto`, `cantidad`) VALUES (254,341,111);
INSERT INTO `facturadetalle` (`idFactura`, `idProducto`, `cantidad`) VALUES (254,398,398);
INSERT INTO `facturadetalle` (`idFactura`, `idProducto`, `cantidad`) VALUES (254,420,61);
INSERT INTO `facturadetalle` (`idFactura`, `idProducto`, `cantidad`) VALUES (255,125,185);
INSERT INTO `facturadetalle` (`idFactura`, `idProducto`, `cantidad`) VALUES (255,165,103);
INSERT INTO `facturadetalle` (`idFactura`, `idProducto`, `cantidad`) VALUES (255,209,162);
INSERT INTO `facturadetalle` (`idFactura`, `idProducto`, `cantidad`) VALUES (255,267,332);
INSERT INTO `facturadetalle` (`idFactura`, `idProducto`, `cantidad`) VALUES (255,380,14);
INSERT INTO `facturadetalle` (`idFactura`, `idProducto`, `cantidad`) VALUES (255,456,385);
INSERT INTO `facturadetalle` (`idFactura`, `idProducto`, `cantidad`) VALUES (255,464,281);
INSERT INTO `facturadetalle` (`idFactura`, `idProducto`, `cantidad`) VALUES (256,13,252);
INSERT INTO `facturadetalle` (`idFactura`, `idProducto`, `cantidad`) VALUES (256,60,33);
INSERT INTO `facturadetalle` (`idFactura`, `idProducto`, `cantidad`) VALUES (256,135,166);
INSERT INTO `facturadetalle` (`idFactura`, `idProducto`, `cantidad`) VALUES (256,146,138);
INSERT INTO `facturadetalle` (`idFactura`, `idProducto`, `cantidad`) VALUES (256,239,287);
INSERT INTO `facturadetalle` (`idFactura`, `idProducto`, `cantidad`) VALUES (256,325,155);
INSERT INTO `facturadetalle` (`idFactura`, `idProducto`, `cantidad`) VALUES (256,342,238);
INSERT INTO `facturadetalle` (`idFactura`, `idProducto`, `cantidad`) VALUES (256,438,300);
INSERT INTO `facturadetalle` (`idFactura`, `idProducto`, `cantidad`) VALUES (256,471,52);
INSERT INTO `facturadetalle` (`idFactura`, `idProducto`, `cantidad`) VALUES (256,496,219);
INSERT INTO `facturadetalle` (`idFactura`, `idProducto`, `cantidad`) VALUES (257,71,270);
INSERT INTO `facturadetalle` (`idFactura`, `idProducto`, `cantidad`) VALUES (257,98,95);
INSERT INTO `facturadetalle` (`idFactura`, `idProducto`, `cantidad`) VALUES (257,113,322);
INSERT INTO `facturadetalle` (`idFactura`, `idProducto`, `cantidad`) VALUES (258,298,70);
INSERT INTO `facturadetalle` (`idFactura`, `idProducto`, `cantidad`) VALUES (258,311,260);
INSERT INTO `facturadetalle` (`idFactura`, `idProducto`, `cantidad`) VALUES (258,339,353);
INSERT INTO `facturadetalle` (`idFactura`, `idProducto`, `cantidad`) VALUES (258,370,363);
INSERT INTO `facturadetalle` (`idFactura`, `idProducto`, `cantidad`) VALUES (258,417,32);
INSERT INTO `facturadetalle` (`idFactura`, `idProducto`, `cantidad`) VALUES (258,425,186);
INSERT INTO `facturadetalle` (`idFactura`, `idProducto`, `cantidad`) VALUES (259,112,236);
INSERT INTO `facturadetalle` (`idFactura`, `idProducto`, `cantidad`) VALUES (259,147,251);
INSERT INTO `facturadetalle` (`idFactura`, `idProducto`, `cantidad`) VALUES (259,236,126);
INSERT INTO `facturadetalle` (`idFactura`, `idProducto`, `cantidad`) VALUES (259,287,228);
INSERT INTO `facturadetalle` (`idFactura`, `idProducto`, `cantidad`) VALUES (260,8,152);
INSERT INTO `facturadetalle` (`idFactura`, `idProducto`, `cantidad`) VALUES (260,12,229);
INSERT INTO `facturadetalle` (`idFactura`, `idProducto`, `cantidad`) VALUES (261,379,359);
INSERT INTO `facturadetalle` (`idFactura`, `idProducto`, `cantidad`) VALUES (262,167,114);
INSERT INTO `facturadetalle` (`idFactura`, `idProducto`, `cantidad`) VALUES (262,376,358);
INSERT INTO `facturadetalle` (`idFactura`, `idProducto`, `cantidad`) VALUES (262,383,208);
INSERT INTO `facturadetalle` (`idFactura`, `idProducto`, `cantidad`) VALUES (263,57,162);
INSERT INTO `facturadetalle` (`idFactura`, `idProducto`, `cantidad`) VALUES (263,59,168);
INSERT INTO `facturadetalle` (`idFactura`, `idProducto`, `cantidad`) VALUES (263,191,313);
INSERT INTO `facturadetalle` (`idFactura`, `idProducto`, `cantidad`) VALUES (263,319,345);
INSERT INTO `facturadetalle` (`idFactura`, `idProducto`, `cantidad`) VALUES (263,431,126);
INSERT INTO `facturadetalle` (`idFactura`, `idProducto`, `cantidad`) VALUES (263,467,338);
INSERT INTO `facturadetalle` (`idFactura`, `idProducto`, `cantidad`) VALUES (264,192,133);
INSERT INTO `facturadetalle` (`idFactura`, `idProducto`, `cantidad`) VALUES (264,431,93);
INSERT INTO `facturadetalle` (`idFactura`, `idProducto`, `cantidad`) VALUES (265,36,307);
INSERT INTO `facturadetalle` (`idFactura`, `idProducto`, `cantidad`) VALUES (265,131,375);
INSERT INTO `facturadetalle` (`idFactura`, `idProducto`, `cantidad`) VALUES (265,206,394);
INSERT INTO `facturadetalle` (`idFactura`, `idProducto`, `cantidad`) VALUES (265,250,43);
INSERT INTO `facturadetalle` (`idFactura`, `idProducto`, `cantidad`) VALUES (265,296,376);
INSERT INTO `facturadetalle` (`idFactura`, `idProducto`, `cantidad`) VALUES (265,347,115);
INSERT INTO `facturadetalle` (`idFactura`, `idProducto`, `cantidad`) VALUES (265,357,15);
INSERT INTO `facturadetalle` (`idFactura`, `idProducto`, `cantidad`) VALUES (265,437,270);
INSERT INTO `facturadetalle` (`idFactura`, `idProducto`, `cantidad`) VALUES (265,447,307);
INSERT INTO `facturadetalle` (`idFactura`, `idProducto`, `cantidad`) VALUES (265,490,137);
INSERT INTO `facturadetalle` (`idFactura`, `idProducto`, `cantidad`) VALUES (266,43,258);
INSERT INTO `facturadetalle` (`idFactura`, `idProducto`, `cantidad`) VALUES (266,310,119);
INSERT INTO `facturadetalle` (`idFactura`, `idProducto`, `cantidad`) VALUES (266,434,305);
INSERT INTO `facturadetalle` (`idFactura`, `idProducto`, `cantidad`) VALUES (266,435,153);
INSERT INTO `facturadetalle` (`idFactura`, `idProducto`, `cantidad`) VALUES (266,494,300);
INSERT INTO `facturadetalle` (`idFactura`, `idProducto`, `cantidad`) VALUES (266,500,110);
INSERT INTO `facturadetalle` (`idFactura`, `idProducto`, `cantidad`) VALUES (267,37,351);
INSERT INTO `facturadetalle` (`idFactura`, `idProducto`, `cantidad`) VALUES (267,51,212);
INSERT INTO `facturadetalle` (`idFactura`, `idProducto`, `cantidad`) VALUES (267,118,317);
INSERT INTO `facturadetalle` (`idFactura`, `idProducto`, `cantidad`) VALUES (267,210,275);
INSERT INTO `facturadetalle` (`idFactura`, `idProducto`, `cantidad`) VALUES (267,221,378);
INSERT INTO `facturadetalle` (`idFactura`, `idProducto`, `cantidad`) VALUES (267,260,365);
INSERT INTO `facturadetalle` (`idFactura`, `idProducto`, `cantidad`) VALUES (267,353,102);
INSERT INTO `facturadetalle` (`idFactura`, `idProducto`, `cantidad`) VALUES (268,96,361);
INSERT INTO `facturadetalle` (`idFactura`, `idProducto`, `cantidad`) VALUES (268,208,179);
INSERT INTO `facturadetalle` (`idFactura`, `idProducto`, `cantidad`) VALUES (268,215,353);
INSERT INTO `facturadetalle` (`idFactura`, `idProducto`, `cantidad`) VALUES (268,341,320);
INSERT INTO `facturadetalle` (`idFactura`, `idProducto`, `cantidad`) VALUES (268,349,122);
INSERT INTO `facturadetalle` (`idFactura`, `idProducto`, `cantidad`) VALUES (268,353,349);
INSERT INTO `facturadetalle` (`idFactura`, `idProducto`, `cantidad`) VALUES (268,461,145);
INSERT INTO `facturadetalle` (`idFactura`, `idProducto`, `cantidad`) VALUES (269,39,319);
INSERT INTO `facturadetalle` (`idFactura`, `idProducto`, `cantidad`) VALUES (269,48,20);
INSERT INTO `facturadetalle` (`idFactura`, `idProducto`, `cantidad`) VALUES (269,111,35);
INSERT INTO `facturadetalle` (`idFactura`, `idProducto`, `cantidad`) VALUES (269,121,290);
INSERT INTO `facturadetalle` (`idFactura`, `idProducto`, `cantidad`) VALUES (269,140,77);
INSERT INTO `facturadetalle` (`idFactura`, `idProducto`, `cantidad`) VALUES (269,232,216);
INSERT INTO `facturadetalle` (`idFactura`, `idProducto`, `cantidad`) VALUES (269,303,243);
INSERT INTO `facturadetalle` (`idFactura`, `idProducto`, `cantidad`) VALUES (270,22,395);
INSERT INTO `facturadetalle` (`idFactura`, `idProducto`, `cantidad`) VALUES (270,219,315);
INSERT INTO `facturadetalle` (`idFactura`, `idProducto`, `cantidad`) VALUES (271,52,223);
INSERT INTO `facturadetalle` (`idFactura`, `idProducto`, `cantidad`) VALUES (271,145,254);
INSERT INTO `facturadetalle` (`idFactura`, `idProducto`, `cantidad`) VALUES (271,185,244);
INSERT INTO `facturadetalle` (`idFactura`, `idProducto`, `cantidad`) VALUES (271,254,100);
INSERT INTO `facturadetalle` (`idFactura`, `idProducto`, `cantidad`) VALUES (271,288,188);
INSERT INTO `facturadetalle` (`idFactura`, `idProducto`, `cantidad`) VALUES (271,371,7);
INSERT INTO `facturadetalle` (`idFactura`, `idProducto`, `cantidad`) VALUES (271,373,42);
INSERT INTO `facturadetalle` (`idFactura`, `idProducto`, `cantidad`) VALUES (272,35,43);
INSERT INTO `facturadetalle` (`idFactura`, `idProducto`, `cantidad`) VALUES (272,220,279);
INSERT INTO `facturadetalle` (`idFactura`, `idProducto`, `cantidad`) VALUES (272,310,224);
INSERT INTO `facturadetalle` (`idFactura`, `idProducto`, `cantidad`) VALUES (272,320,220);
INSERT INTO `facturadetalle` (`idFactura`, `idProducto`, `cantidad`) VALUES (272,373,156);
INSERT INTO `facturadetalle` (`idFactura`, `idProducto`, `cantidad`) VALUES (272,422,217);
INSERT INTO `facturadetalle` (`idFactura`, `idProducto`, `cantidad`) VALUES (273,5,113);
INSERT INTO `facturadetalle` (`idFactura`, `idProducto`, `cantidad`) VALUES (273,162,281);
INSERT INTO `facturadetalle` (`idFactura`, `idProducto`, `cantidad`) VALUES (273,237,214);
INSERT INTO `facturadetalle` (`idFactura`, `idProducto`, `cantidad`) VALUES (273,316,111);
INSERT INTO `facturadetalle` (`idFactura`, `idProducto`, `cantidad`) VALUES (273,477,181);
INSERT INTO `facturadetalle` (`idFactura`, `idProducto`, `cantidad`) VALUES (274,43,365);
INSERT INTO `facturadetalle` (`idFactura`, `idProducto`, `cantidad`) VALUES (274,161,48);
INSERT INTO `facturadetalle` (`idFactura`, `idProducto`, `cantidad`) VALUES (274,167,57);
INSERT INTO `facturadetalle` (`idFactura`, `idProducto`, `cantidad`) VALUES (274,182,139);
INSERT INTO `facturadetalle` (`idFactura`, `idProducto`, `cantidad`) VALUES (274,346,266);
INSERT INTO `facturadetalle` (`idFactura`, `idProducto`, `cantidad`) VALUES (274,418,135);
INSERT INTO `facturadetalle` (`idFactura`, `idProducto`, `cantidad`) VALUES (275,66,221);
INSERT INTO `facturadetalle` (`idFactura`, `idProducto`, `cantidad`) VALUES (275,90,95);
INSERT INTO `facturadetalle` (`idFactura`, `idProducto`, `cantidad`) VALUES (275,101,221);
INSERT INTO `facturadetalle` (`idFactura`, `idProducto`, `cantidad`) VALUES (275,104,207);
INSERT INTO `facturadetalle` (`idFactura`, `idProducto`, `cantidad`) VALUES (275,313,292);
INSERT INTO `facturadetalle` (`idFactura`, `idProducto`, `cantidad`) VALUES (275,357,188);
INSERT INTO `facturadetalle` (`idFactura`, `idProducto`, `cantidad`) VALUES (275,374,250);
INSERT INTO `facturadetalle` (`idFactura`, `idProducto`, `cantidad`) VALUES (275,389,298);
INSERT INTO `facturadetalle` (`idFactura`, `idProducto`, `cantidad`) VALUES (275,396,163);
INSERT INTO `facturadetalle` (`idFactura`, `idProducto`, `cantidad`) VALUES (276,48,394);
INSERT INTO `facturadetalle` (`idFactura`, `idProducto`, `cantidad`) VALUES (276,73,204);
INSERT INTO `facturadetalle` (`idFactura`, `idProducto`, `cantidad`) VALUES (276,204,83);
INSERT INTO `facturadetalle` (`idFactura`, `idProducto`, `cantidad`) VALUES (276,225,148);
INSERT INTO `facturadetalle` (`idFactura`, `idProducto`, `cantidad`) VALUES (276,277,179);
INSERT INTO `facturadetalle` (`idFactura`, `idProducto`, `cantidad`) VALUES (276,281,391);
INSERT INTO `facturadetalle` (`idFactura`, `idProducto`, `cantidad`) VALUES (276,348,167);
INSERT INTO `facturadetalle` (`idFactura`, `idProducto`, `cantidad`) VALUES (276,397,17);
INSERT INTO `facturadetalle` (`idFactura`, `idProducto`, `cantidad`) VALUES (276,453,150);
INSERT INTO `facturadetalle` (`idFactura`, `idProducto`, `cantidad`) VALUES (277,243,148);
INSERT INTO `facturadetalle` (`idFactura`, `idProducto`, `cantidad`) VALUES (277,355,158);
INSERT INTO `facturadetalle` (`idFactura`, `idProducto`, `cantidad`) VALUES (278,26,49);
INSERT INTO `facturadetalle` (`idFactura`, `idProducto`, `cantidad`) VALUES (278,211,33);
INSERT INTO `facturadetalle` (`idFactura`, `idProducto`, `cantidad`) VALUES (278,299,187);
INSERT INTO `facturadetalle` (`idFactura`, `idProducto`, `cantidad`) VALUES (278,469,184);
INSERT INTO `facturadetalle` (`idFactura`, `idProducto`, `cantidad`) VALUES (278,486,400);
INSERT INTO `facturadetalle` (`idFactura`, `idProducto`, `cantidad`) VALUES (279,42,383);
INSERT INTO `facturadetalle` (`idFactura`, `idProducto`, `cantidad`) VALUES (279,282,89);
INSERT INTO `facturadetalle` (`idFactura`, `idProducto`, `cantidad`) VALUES (279,323,319);
INSERT INTO `facturadetalle` (`idFactura`, `idProducto`, `cantidad`) VALUES (280,18,201);
INSERT INTO `facturadetalle` (`idFactura`, `idProducto`, `cantidad`) VALUES (280,19,81);
INSERT INTO `facturadetalle` (`idFactura`, `idProducto`, `cantidad`) VALUES (280,114,2);
INSERT INTO `facturadetalle` (`idFactura`, `idProducto`, `cantidad`) VALUES (280,119,203);
INSERT INTO `facturadetalle` (`idFactura`, `idProducto`, `cantidad`) VALUES (280,139,333);
INSERT INTO `facturadetalle` (`idFactura`, `idProducto`, `cantidad`) VALUES (280,206,120);
INSERT INTO `facturadetalle` (`idFactura`, `idProducto`, `cantidad`) VALUES (280,212,45);
INSERT INTO `facturadetalle` (`idFactura`, `idProducto`, `cantidad`) VALUES (280,243,383);
INSERT INTO `facturadetalle` (`idFactura`, `idProducto`, `cantidad`) VALUES (281,83,170);
INSERT INTO `facturadetalle` (`idFactura`, `idProducto`, `cantidad`) VALUES (281,148,327);
INSERT INTO `facturadetalle` (`idFactura`, `idProducto`, `cantidad`) VALUES (281,158,393);
INSERT INTO `facturadetalle` (`idFactura`, `idProducto`, `cantidad`) VALUES (281,282,80);
INSERT INTO `facturadetalle` (`idFactura`, `idProducto`, `cantidad`) VALUES (282,95,91);
INSERT INTO `facturadetalle` (`idFactura`, `idProducto`, `cantidad`) VALUES (283,34,146);
INSERT INTO `facturadetalle` (`idFactura`, `idProducto`, `cantidad`) VALUES (283,315,195);
INSERT INTO `facturadetalle` (`idFactura`, `idProducto`, `cantidad`) VALUES (283,392,371);
INSERT INTO `facturadetalle` (`idFactura`, `idProducto`, `cantidad`) VALUES (284,105,181);
INSERT INTO `facturadetalle` (`idFactura`, `idProducto`, `cantidad`) VALUES (284,253,41);
INSERT INTO `facturadetalle` (`idFactura`, `idProducto`, `cantidad`) VALUES (285,15,383);
INSERT INTO `facturadetalle` (`idFactura`, `idProducto`, `cantidad`) VALUES (285,90,54);
INSERT INTO `facturadetalle` (`idFactura`, `idProducto`, `cantidad`) VALUES (285,399,319);
INSERT INTO `facturadetalle` (`idFactura`, `idProducto`, `cantidad`) VALUES (285,418,266);
INSERT INTO `facturadetalle` (`idFactura`, `idProducto`, `cantidad`) VALUES (285,438,166);
INSERT INTO `facturadetalle` (`idFactura`, `idProducto`, `cantidad`) VALUES (285,454,61);
INSERT INTO `facturadetalle` (`idFactura`, `idProducto`, `cantidad`) VALUES (286,104,309);
INSERT INTO `facturadetalle` (`idFactura`, `idProducto`, `cantidad`) VALUES (286,359,8);
INSERT INTO `facturadetalle` (`idFactura`, `idProducto`, `cantidad`) VALUES (286,361,275);
INSERT INTO `facturadetalle` (`idFactura`, `idProducto`, `cantidad`) VALUES (286,397,386);
INSERT INTO `facturadetalle` (`idFactura`, `idProducto`, `cantidad`) VALUES (287,174,382);
INSERT INTO `facturadetalle` (`idFactura`, `idProducto`, `cantidad`) VALUES (287,275,150);
INSERT INTO `facturadetalle` (`idFactura`, `idProducto`, `cantidad`) VALUES (287,411,167);
INSERT INTO `facturadetalle` (`idFactura`, `idProducto`, `cantidad`) VALUES (288,32,87);
INSERT INTO `facturadetalle` (`idFactura`, `idProducto`, `cantidad`) VALUES (288,92,161);
INSERT INTO `facturadetalle` (`idFactura`, `idProducto`, `cantidad`) VALUES (288,364,217);
INSERT INTO `facturadetalle` (`idFactura`, `idProducto`, `cantidad`) VALUES (288,445,143);
INSERT INTO `facturadetalle` (`idFactura`, `idProducto`, `cantidad`) VALUES (289,44,276);
INSERT INTO `facturadetalle` (`idFactura`, `idProducto`, `cantidad`) VALUES (289,238,151);
INSERT INTO `facturadetalle` (`idFactura`, `idProducto`, `cantidad`) VALUES (289,269,135);
INSERT INTO `facturadetalle` (`idFactura`, `idProducto`, `cantidad`) VALUES (289,304,319);
INSERT INTO `facturadetalle` (`idFactura`, `idProducto`, `cantidad`) VALUES (289,332,186);
INSERT INTO `facturadetalle` (`idFactura`, `idProducto`, `cantidad`) VALUES (290,170,84);
INSERT INTO `facturadetalle` (`idFactura`, `idProducto`, `cantidad`) VALUES (290,236,134);
INSERT INTO `facturadetalle` (`idFactura`, `idProducto`, `cantidad`) VALUES (290,359,35);
INSERT INTO `facturadetalle` (`idFactura`, `idProducto`, `cantidad`) VALUES (290,371,13);
INSERT INTO `facturadetalle` (`idFactura`, `idProducto`, `cantidad`) VALUES (290,430,383);
INSERT INTO `facturadetalle` (`idFactura`, `idProducto`, `cantidad`) VALUES (290,464,145);
INSERT INTO `facturadetalle` (`idFactura`, `idProducto`, `cantidad`) VALUES (290,486,82);
INSERT INTO `facturadetalle` (`idFactura`, `idProducto`, `cantidad`) VALUES (290,491,256);
INSERT INTO `facturadetalle` (`idFactura`, `idProducto`, `cantidad`) VALUES (291,17,198);
INSERT INTO `facturadetalle` (`idFactura`, `idProducto`, `cantidad`) VALUES (292,316,45);
INSERT INTO `facturadetalle` (`idFactura`, `idProducto`, `cantidad`) VALUES (292,329,149);
INSERT INTO `facturadetalle` (`idFactura`, `idProducto`, `cantidad`) VALUES (292,332,89);
INSERT INTO `facturadetalle` (`idFactura`, `idProducto`, `cantidad`) VALUES (292,364,36);
INSERT INTO `facturadetalle` (`idFactura`, `idProducto`, `cantidad`) VALUES (292,405,180);
INSERT INTO `facturadetalle` (`idFactura`, `idProducto`, `cantidad`) VALUES (293,53,34);
INSERT INTO `facturadetalle` (`idFactura`, `idProducto`, `cantidad`) VALUES (293,58,49);
INSERT INTO `facturadetalle` (`idFactura`, `idProducto`, `cantidad`) VALUES (293,158,268);
INSERT INTO `facturadetalle` (`idFactura`, `idProducto`, `cantidad`) VALUES (293,169,304);
INSERT INTO `facturadetalle` (`idFactura`, `idProducto`, `cantidad`) VALUES (293,215,202);
INSERT INTO `facturadetalle` (`idFactura`, `idProducto`, `cantidad`) VALUES (293,240,198);
INSERT INTO `facturadetalle` (`idFactura`, `idProducto`, `cantidad`) VALUES (293,321,40);
INSERT INTO `facturadetalle` (`idFactura`, `idProducto`, `cantidad`) VALUES (293,369,313);
INSERT INTO `facturadetalle` (`idFactura`, `idProducto`, `cantidad`) VALUES (293,408,61);
INSERT INTO `facturadetalle` (`idFactura`, `idProducto`, `cantidad`) VALUES (293,457,153);
INSERT INTO `facturadetalle` (`idFactura`, `idProducto`, `cantidad`) VALUES (294,392,337);
INSERT INTO `facturadetalle` (`idFactura`, `idProducto`, `cantidad`) VALUES (295,77,309);
INSERT INTO `facturadetalle` (`idFactura`, `idProducto`, `cantidad`) VALUES (295,148,397);
INSERT INTO `facturadetalle` (`idFactura`, `idProducto`, `cantidad`) VALUES (295,157,241);
INSERT INTO `facturadetalle` (`idFactura`, `idProducto`, `cantidad`) VALUES (295,278,333);
INSERT INTO `facturadetalle` (`idFactura`, `idProducto`, `cantidad`) VALUES (295,300,133);
INSERT INTO `facturadetalle` (`idFactura`, `idProducto`, `cantidad`) VALUES (295,389,148);
INSERT INTO `facturadetalle` (`idFactura`, `idProducto`, `cantidad`) VALUES (295,444,322);
INSERT INTO `facturadetalle` (`idFactura`, `idProducto`, `cantidad`) VALUES (296,56,119);
INSERT INTO `facturadetalle` (`idFactura`, `idProducto`, `cantidad`) VALUES (296,388,25);
INSERT INTO `facturadetalle` (`idFactura`, `idProducto`, `cantidad`) VALUES (296,423,181);
INSERT INTO `facturadetalle` (`idFactura`, `idProducto`, `cantidad`) VALUES (296,451,75);
INSERT INTO `facturadetalle` (`idFactura`, `idProducto`, `cantidad`) VALUES (296,464,156);
INSERT INTO `facturadetalle` (`idFactura`, `idProducto`, `cantidad`) VALUES (297,118,131);
INSERT INTO `facturadetalle` (`idFactura`, `idProducto`, `cantidad`) VALUES (297,141,356);
INSERT INTO `facturadetalle` (`idFactura`, `idProducto`, `cantidad`) VALUES (297,165,195);
INSERT INTO `facturadetalle` (`idFactura`, `idProducto`, `cantidad`) VALUES (297,238,121);
INSERT INTO `facturadetalle` (`idFactura`, `idProducto`, `cantidad`) VALUES (297,424,262);
INSERT INTO `facturadetalle` (`idFactura`, `idProducto`, `cantidad`) VALUES (297,496,137);
INSERT INTO `facturadetalle` (`idFactura`, `idProducto`, `cantidad`) VALUES (298,31,287);
INSERT INTO `facturadetalle` (`idFactura`, `idProducto`, `cantidad`) VALUES (298,108,23);
INSERT INTO `facturadetalle` (`idFactura`, `idProducto`, `cantidad`) VALUES (298,119,22);
INSERT INTO `facturadetalle` (`idFactura`, `idProducto`, `cantidad`) VALUES (298,310,19);
INSERT INTO `facturadetalle` (`idFactura`, `idProducto`, `cantidad`) VALUES (299,125,315);
INSERT INTO `facturadetalle` (`idFactura`, `idProducto`, `cantidad`) VALUES (299,180,5);
INSERT INTO `facturadetalle` (`idFactura`, `idProducto`, `cantidad`) VALUES (299,235,292);
INSERT INTO `facturadetalle` (`idFactura`, `idProducto`, `cantidad`) VALUES (299,254,48);
INSERT INTO `facturadetalle` (`idFactura`, `idProducto`, `cantidad`) VALUES (299,295,28);
INSERT INTO `facturadetalle` (`idFactura`, `idProducto`, `cantidad`) VALUES (299,335,106);
INSERT INTO `facturadetalle` (`idFactura`, `idProducto`, `cantidad`) VALUES (299,404,152);
INSERT INTO `facturadetalle` (`idFactura`, `idProducto`, `cantidad`) VALUES (299,418,48);
INSERT INTO `facturadetalle` (`idFactura`, `idProducto`, `cantidad`) VALUES (299,479,315);
INSERT INTO `facturadetalle` (`idFactura`, `idProducto`, `cantidad`) VALUES (299,493,259);
INSERT INTO `facturadetalle` (`idFactura`, `idProducto`, `cantidad`) VALUES (300,2,79);
INSERT INTO `facturadetalle` (`idFactura`, `idProducto`, `cantidad`) VALUES (300,26,319);
INSERT INTO `facturadetalle` (`idFactura`, `idProducto`, `cantidad`) VALUES (300,156,151);
INSERT INTO `facturadetalle` (`idFactura`, `idProducto`, `cantidad`) VALUES (300,261,70);
INSERT INTO `facturadetalle` (`idFactura`, `idProducto`, `cantidad`) VALUES (300,316,144);
INSERT INTO `facturadetalle` (`idFactura`, `idProducto`, `cantidad`) VALUES (300,326,375);
INSERT INTO `facturadetalle` (`idFactura`, `idProducto`, `cantidad`) VALUES (300,332,118);
INSERT INTO `facturadetalle` (`idFactura`, `idProducto`, `cantidad`) VALUES (300,424,233);
INSERT INTO `facturadetalle` (`idFactura`, `idProducto`, `cantidad`) VALUES (300,492,87);
/*!40000 ALTER TABLE `facturadetalle` ENABLE KEYS */;
UNLOCK TABLES;

--
-- Dumping routines for database 'practico'
--
/*!40103 SET TIME_ZONE=@OLD_TIME_ZONE */;

/*!40101 SET SQL_MODE=@OLD_SQL_MODE */;
/*!40014 SET FOREIGN_KEY_CHECKS=@OLD_FOREIGN_KEY_CHECKS */;
/*!40014 SET UNIQUE_CHECKS=@OLD_UNIQUE_CHECKS */;
/*!40101 SET CHARACTER_SET_CLIENT=@OLD_CHARACTER_SET_CLIENT */;
/*!40101 SET CHARACTER_SET_RESULTS=@OLD_CHARACTER_SET_RESULTS */;
/*!40101 SET COLLATION_CONNECTION=@OLD_COLLATION_CONNECTION */;
/*!40111 SET SQL_NOTES=@OLD_SQL_NOTES */;

-- Dump completed on 2014-05-11  9:31:28