<xml>
<player>
<id>1</id>
<label>name</label>
<value>Mordecai</value>
</player>
<player>
<id>1</id>
<label>specie</label>
<value>Blue jay</value>
</player>
<player>
<id>1</id>
<label>gender</label>
<value>M</value>
</player>
<player>
<id>1</id>
<label>country</label>
<value>Argntin</value>
</player>
<player>
<id>1</id>
<label>score</label>
<value>32</value>
</player>
<player>
<id>2</id>
<label>name</label>
<value>Rigby</value>
</player>
<player>
<id>2</id>
<label>specie</label>
<value>Raccoon</value>
</player>
<player>
<id>2</id>
<label>gender</label>
<value>M</value>
</player>
<player>
<id>2</id>
<label>score</label>
<value>23</value>
</player>
<player>
<id>2</id>
<label>country</label>
<value>Shile</value>
</player>
<player>
<id>3</id>
<label>name</label>
<value>Musculoso</value>
</player>
<player>
<id>3</id>
<label>specie</label>
<value>Humanoid</value>
</player>
<player>
<id>3</id>
<label>gender</label>
<value>M</value>
</player>
<player>
<id>3</id>
<label>score</label>
<value>41</value>
</player>
<player>
<id>3</id>
<label>country</label>
<value>Uruguy</value>
</player>
<player>
<id>4</id>
<label>name</label>
<value>CJ</value>
</player>
<player>
<id>4</id>
<label>specie</label>
<value>Cloud Humanoid</value>
</player>
<player>
<id>4</id>
<label>gender</label>
<value>F</value>
</player>
<player>
<id>4</id>
<label>score</label>
<value>50</value>
</player>
<player>
<id>4</id>
<label>country</label>
<value>Qenia</value>
</player>
</xml>
